,0,1,2,3,0,1,2,3,4,0,1,2,3,4,0,1,2,3,0,1,2,3,0,1,2,3,4,0,1,2,0,1,2
0,5196.0,1349.4563506679856,316.78745638094796,344.27408329703206,251.22222222222223,218.33333333333334,148.22222222222223,98.77777777777777,92.0,7.913108362117714,21.05020453846259,37.738214577615786,6.124228346453631,2.309401076758503,-57,-80,-8,-1,-14,-39,-94,-16,24,67,108,22,7,18,17,16,117485.9640231069,7646.751253549152,6474.470485181355
1,9423.0,868.5439904980799,199.26048581924715,71.1895099221581,299.6666666666667,338.6666666666667,343.8888888888889,299.6666666666667,249.66666666666666,23.323807579381203,10.666666666666666,8.265651072621019,28.52679052711289,20.861980304425135,56,8,-63,-45,14,2,-6,-70,75,33,27,84,59,16,16,16,48668.94602776328,2561.5962070272444,838.4073173891729
2,5981.0,1247.3743204817508,198.59141517436203,235.88920870341397,257.77777777777777,251.55555555555554,179.66666666666666,132.55555555555554,124.33333333333333,14.566153902323455,20.5324194120805,38.311588035185615,5.335647646019097,1.5986105077709065,-20,-75,-13,-1,0,-36,-98,-13,42,62,101,16,4,26,24,15,100383.39970305229,3589.917340820833,2544.4225923197296
3,4679.0,1128.069701321875,150.4402531798256,290.5755218618797,218.11111111111111,196.22222222222223,130.11111111111111,93.44444444444444,94.5,6.805952369383802,18.170658752675227,34.43978463103535,1.892154040658489,0.7637626158259734,-51,-66,-5,3,-18,-27,-90,0,20,53,92,7,4,22,21,15,82099.43555099513,5447.3634777615325,1679.8301677956324
4,4428.0,359.871193700071,74.39778770742322,37.77793832665305,146.88888888888889,160.33333333333334,156.77777777777777,128.77777777777777,120.66666666666667,8.089010988089465,3.80058475033046,10.48573398880358,11.143286746116372,1.1055415967851334,18,-19,-16,0,10,0,-16,-28,20,12,31,31,3,8,8,7,8355.30813258802,357.0987623070225,92.0756531749954
5,4919.0,1147.9179502425923,153.16783343071134,240.67412212188816,216.11111111111111,212.44444444444446,155.77777777777777,100.22222222222223,90.5,4.6294814791110355,12.038005659033127,37.81762604270888,10.612129096021086,4.193248541803041,-25,-89,-7,-3,0,-16,-82,-30,15,40,113,38,11,22,16,15,85013.91099930035,3737.034390912365,2734.4886023326912
6,4348.0,697.7349830299045,99.69640493311785,176.9095655492055,175.33333333333334,175.33333333333334,130.55555555555554,106.66666666666667,103.5,7.760297817881877,11.469767022723502,26.86638176487118,5.163977794943223,4.6097722286464435,-8,-58,0,0,1,-21,-54,-2,22,31,68,14,12,26,21,9,31408.652035080075,2019.160927923141,641.2498810702045
7,4704.0,1162.9192476767744,240.89709994759673,258.0314476380006,225.22222222222223,194.11111111111111,127.88888888888889,93.77777777777777,94.0,5.370242654930921,23.354487764997803,30.123613640555014,1.9309052441091965,0.5773502691896257,-59,-60,-3,2,-5,-49,-78,-3,17,71,82,7,2,17,15,15,87250.39849142676,4295.498578720151,3743.962113752409
8,4478.0,660.1121041543474,150.18094889552896,208.879607155198,181.77777777777777,172.33333333333334,140.33333333333334,111.22222222222223,101.83333333333333,3.993822390135873,5.962847939999439,20.875291082468234,5.902499993463745,2.852873794770615,-17,-44,-14,-1,-9,-7,-53,-10,11,19,56,17,8,14,10,9,28112.773551682592,2814.883244213541,1455.1172523329985
9,4731.0,480.5737160647941,122.30119005687631,43.98776936263058,141.77777777777777,174.66666666666666,176.55555555555554,142.55555555555554,128.16666666666666,7.9969129846429245,17.448336437736536,15.420845279549447,13.02229806576321,0.8975274678557507,13,6,-24,-1,35,0,-31,-33,25,47,41,34,2,21,15,12,14900.07074660169,965.0052315695608,124.83379699999885
10,5392.0,1088.284162532943,192.4376972295426,122.42264898407818,223.88888888888889,223.44444444444446,173.22222222222223,110.55555555555556,116.5,4.175176495123542,6.961977865698018,39.32140434300602,13.073392071184648,13.111699610144623,-11,-97,-15,0,0,-10,-79,-9,11,22,109,45,36,23,20,19,76410.47860774383,2389.1785364522048,966.9229022115417
11,4538.0,1379.1236325778762,327.5716422117919,255.25544279557766,234.77777777777777,195.88888888888889,113.66666666666667,80.88888888888889,81.5,5.769224438109853,34.05369761109143,31.109126920853594,3.6951753662924203,1.707825127659933,-89,-57,-5,4,-3,-68,-84,-3,16,102,91,12,5,21,18,17,122708.51573772878,6922.7858568600095,4203.570392049451
12,4801.0,773.1316274552067,87.22850423369415,152.1117911977801,194.33333333333334,190.33333333333334,148.66666666666666,115.55555555555556,112.33333333333333,3.4641016151377544,11.195237082497776,24.078575077810935,5.166367972250075,2.6874192494328497,-20,-54,-2,-1,1,-16,-56,-12,13,34,72,18,7,13,12,9,38563.38795945398,1492.7740013804596,1167.8961211750918
13,4661.0,879.7581770303411,67.05105996572918,114.08972940682993,187.33333333333334,195.88888888888889,147.77777777777777,106.66666666666667,103.0,17.676098111417136,9.631481303453038,30.19484053711376,6.6332495807108005,4.041451884327381,21,-65,-16,0,0,-17,-73,-8,49,28,76,19,11,26,18,15,49933.83548720964,839.7720229757234,368.6321344290957
14,3137.0,165.91694716028934,218.4169959828095,58.99253821101119,117.66666666666667,103.55555555555556,102.55555555555556,95.44444444444444,80.33333333333333,3.9440531887330774,7.135375270223254,2.793290019994785,10.542096682782596,1.1055415967851334,-12,0,-16,-2,-5,-11,0,-24,13,20,9,25,3,13,8,7,3077.8054280099755,1776.0279583864697,224.5238428759755
15,4568.0,926.8977217110275,246.99784537622998,200.9641210844199,208.55555555555554,177.22222222222223,126.77777777777777,101.77777777777777,101.5,6.76775214792936,20.22527449492495,21.482694729467863,2.4845199749997664,2.217355782608345,-50,-40,-6,1,-10,-43,-57,1,22,62,59,8,8,13,10,10,55428.34751697376,3935.9958464838724,2605.58567504732
16,5427.0,795.0969254206567,62.86784136641715,152.7960180884975,217.22222222222223,209.88888888888889,165.0,132.11111111111111,135.5,1.0304020550550783,10.958958227500402,26.662499674428293,3.1426968052735447,2.5,-29,-58,0,2,1,-15,-66,-1,3,33,76,10,7,14,14,10,40785.74972989557,1506.2337512064846,783.289340811497
17,4668.0,1299.7376486968542,300.13846003850153,132.00323738140617,71.44444444444444,105.0,171.77777777777777,219.44444444444446,215.0,6.533862412439626,27.8408173570948,28.89743463345945,11.917411269148374,12.355835328567093,3,62,66,2,66,68,15,0,19,82,88,37,35,14,14,13,108988.25518967918,5811.812593179561,1124.1841728497932
18,3833.0,811.8540602987891,162.33149316457903,252.33446283951923,168.33333333333334,156.0,115.22222222222223,77.11111111111111,80.16666666666667,11.195237082497776,5.497474167490214,30.957956355812556,2.6434171674156266,5.30461015427985,-12,-66,-4,0,-20,-2,-78,5,27,19,83,9,14,18,16,15,42523.033240234196,4107.914912032823,1700.097656325278
19,4649.0,817.6580857593316,82.55690619239286,75.31344024924454,171.66666666666666,196.55555555555554,160.66666666666666,116.0,101.16666666666667,24.115462996914562,6.431020501550125,26.927887238160945,10.327955589886445,3.0230595245361753,49,-66,-18,-4,0,-13,-57,-30,70,21,74,35,9,19,14,12,43133.20936823324,439.7188877457771,365.9428569146196
20,4772.0,644.6329574013301,79.34037533339195,99.98721696408487,167.66666666666666,190.44444444444446,165.33333333333334,128.0,116.83333333333333,27.121127475743986,7.88967132270077,21.85304453744502,8.755950357709132,3.3374973990834644,54,-51,-15,-1,0,-18,-42,-21,78,24,57,30,10,21,15,12,26809.78385599908,644.9963584660046,593.8217477050852
21,2842.0,55.469757433288045,103.6203921030197,40.64041712312492,92.22222222222223,92.66666666666667,92.33333333333333,84.22222222222223,93.5,1.3966450099973928,3.6514837167011076,6.9602043392737,3.2241373618993134,7.522189397597839,0,-7,-3,2,7,0,-9,10,4,11,18,12,20,8,6,6,692.7216554570057,198.509289658567,114.4057376307573
22,4873.0,582.7456530539671,116.13065290043036,72.11872132657442,183.33333333333334,186.22222222222223,144.66666666666666,126.44444444444444,140.33333333333334,19.189117286165672,14.717923900829808,19.014614262602215,6.685159536218365,7.738791177495933,11,-39,-2,6,0,-28,-34,9,53,42,53,21,24,12,12,12,21909.193300212555,870.0857124567882,335.55548166323535
23,3426.0,528.5184072237693,68.60189855358678,210.68883801388088,119.66666666666667,139.77777777777777,120.44444444444444,83.44444444444444,90.66666666666667,26.343879744638983,4.49141842920172,20.88120426024382,13.158107860522188,5.934831271588286,63,-57,-8,11,0,-4,-28,-17,74,11,64,44,16,21,18,15,18021.40043705486,2863.8571912025423,303.62712807462043
24,4912.0,796.1537569629384,132.69267884868015,163.28000922656454,199.22222222222223,195.44444444444446,152.33333333333334,119.33333333333333,113.16666666666667,11.331154474650633,10.822929477231929,25.254262566501083,5.497474167490214,1.4624940645653537,-2,-51,-12,0,0,-22,-65,-11,37,39,68,15,4,16,12,11,40894.24546620658,1720.0233169694911,1135.9578722605772
25,3198.0,385.7665672982263,84.34533179775194,21.956918797214694,108.44444444444444,126.11111111111111,110.22222222222223,83.77777777777777,83.16666666666667,8.512880581945756,6.607141665474892,16.1711524895261,5.632796380282922,4.94694069321861,16,-28,-8,0,10,-1,-36,-7,27,21,48,20,13,12,9,6,9601.022222261752,458.97645135954036,34.73000744048763
26,3091.0,161.28507052762546,261.41279061367,176.8712384876569,94.55555555555556,108.66666666666667,88.11111111111111,89.44444444444444,116.83333333333333,17.0627020858109,7.133644853010899,9.36238863686262,9.534861312411081,18.994882351716623,24,-14,0,14,0,-8,3,38,46,22,28,31,55,18,14,10,4408.815941704934,2018.2861293004871,1678.2499338774767
27,4384.0,205.59910381367416,255.83978165520705,128.89538398420868,122.22222222222223,137.55555555555554,135.88888888888889,147.11111111111111,169.5,13.036510932145557,5.559998223643023,5.30082686305625,10.300425497623813,12.065791865158845,32,-1,4,17,11,0,23,17,36,15,16,35,35,13,11,9,4222.838314669937,2727.160741224889,2006.013300258565
28,4397.0,568.4407678815259,82.3616473763903,181.75285031468877,174.11111111111111,167.0,135.22222222222223,112.22222222222223,108.0,7.109374788020618,5.163977794943222,19.685176474685367,4.516089207311461,2.160246899469287,-12,-41,-10,0,-17,-9,-46,-7,23,18,50,14,7,16,12,9,20846.768167079925,2131.232167581526,614.2607246338464
29,4453.0,698.2257404777904,87.72507693299995,112.31947794800284,145.44444444444446,112.55555555555556,112.77777777777777,161.44444444444446,188.0,13.776881691290031,14.960029048628297,22.885112957154664,18.589788780768334,5.802298395176403,-31,-1,37,53,-31,17,34,11,43,43,61,58,16,21,20,19,31452.85062359727,813.913879129792,496.4960724452077
30,3096.0,290.52346695069605,87.95984221059985,121.09719776075661,84.88888888888889,96.44444444444444,115.11111111111111,112.33333333333333,93.83333333333333,6.707283676794031,3.6548631563107836,12.939555586086877,16.519348924485158,3.624760528488591,13,4,-6,0,10,27,0,-32,17,14,37,43,11,12,11,7,5445.41192574532,946.0987939037248,499.1570220460401
31,3718.0,200.06478310481074,116.19202291780843,49.06301770741764,120.22222222222223,129.22222222222223,125.88888888888889,120.77777777777777,104.83333333333333,8.89166623277447,2.7397395568751004,2.922876986214646,8.148316496577381,6.121455890735652,19,-2,-18,-6,5,0,-5,-12,22,8,10,23,17,11,8,7,2582.317254114533,871.0055606279036,155.30191655215378
32,3202.0,597.267656230619,195.97463439840516,195.9664569265725,146.77777777777777,116.66666666666667,84.0,76.44444444444444,75.66666666666667,12.585509990794774,14.414498873626435,12.211106056009468,1.9499920860871383,1.3743685418725535,-35,-15,0,0,-25,-30,-30,-1,40,50,35,5,4,12,8,8,23014.751818013974,2477.810150167003,2477.6033703454327
33,4983.0,686.1661270098531,460.37127263131293,117.56864123521835,212.0,180.88888888888889,153.55555555555554,132.0,105.5,2.5385910352879693,24.45151412918792,7.057086448089074,21.10292238845922,5.737304826019502,-64,0,-45,0,-7,-44,0,-48,7,64,20,65,17,19,18,14,30375.73895843238,13673.658623495132,1645.4665914117843
34,3622.0,1081.4765217387776,205.02820372358232,71.633994308122,82.66666666666667,143.44444444444446,182.44444444444446,122.0,61.833333333333336,21.097656531262214,29.792285023367715,10.02342934341681,46.47101844758253,8.591015979239915,45,66,-110,-4,70,7,-10,-106,63,88,29,129,27,26,24,20,75457.51400465847,2712.0364078786306,331.0599445507098
35,7379.0,256.58250618576255,253.43354486122988,24.433479985754587,238.77777777777777,238.88888888888889,251.11111111111111,246.77777777777777,216.33333333333334,4.340449996583247,4.863570806275397,14.999588471721072,15.942798985942614,14.232201360139463,1,0,-15,-18,2,26,0,-35,14,15,41,56,39,19,17,10,4247.392418101133,4143.7781716728405,1077.6823627154763
36,3235.0,72.02652448625801,155.25007719660556,168.88146814945188,91.88888888888889,110.66666666666667,107.33333333333333,100.66666666666667,107.0,7.823674107681754,7.393691004272944,5.0990195135927845,7.453559924999299,15.481171359644161,14,2,-11,0,16,-9,-2,22,23,25,14,23,45,17,15,11,1840.061308665434,1555.0055786807723,454.1484962259295
37,3863.0,472.15359932915436,374.09766841959043,109.90216842870866,162.33333333333334,131.66666666666666,125.22222222222223,97.44444444444444,90.83333333333333,13.98411797560202,11.652372195299023,7.927137325216431,14.03258993368343,5.367080729368206,-16,-7,-27,0,-21,-17,-16,-22,41,36,26,37,15,14,12,10,14382.517507062941,9028.971968837024,793.3992369457166
38,4153.0,956.2971318087202,173.04225905370805,155.8691638691666,124.88888888888889,171.33333333333334,184.22222222222223,119.11111111111111,75.33333333333333,14.865653511399612,26.183115848873975,23.864328459847897,28.761256518852054,13.621877827801699,35,4,-64,-16,62,0,-43,-70,47,74,70,91,37,19,15,14,59000.27124552168,1931.8466721555235,1567.4320158240764
39,7878.0,843.1407436696109,107.97538670211632,195.36639897580497,252.0,289.1111111111111,293.6666666666667,245.33333333333334,203.0,3.7712361663282534,25.344052313202027,16.89181261242657,27.491412800687016,27.061657993059725,8,5,-42,-71,57,0,-15,-69,16,65,60,87,89,32,29,26,45863.63313779009,5388.175334226118,2462.453538630552
40,5638.0,767.0621909754916,48.049341332640815,48.660001056732156,156.88888888888889,206.33333333333334,224.22222222222223,184.77777777777777,149.16666666666666,16.8552296167124,23.57965224510319,12.398725541834063,19.56628493538923,14.19409110236447,28,33,-46,-23,45,0,-19,-46,51,68,35,62,39,18,17,14,37960.28418220149,152.76101308652935,148.9509162903638
41,6012.0,1323.7570555859115,838.849456295126,144.95085857421353,240.11111111111111,240.0,245.44444444444446,156.0,70.16666666666667,6.83852557930183,6.128258770283412,15.54285195559619,69.13754406977442,11.753250141509321,9,-6,-153,-17,1,27,-18,-169,25,17,50,185,33,49,39,37,113053.72530409579,45397.961956556675,4678.814420951123
42,4511.0,551.8759890028878,323.8466672325416,211.25505134093655,150.66666666666666,157.11111111111111,178.11111111111111,147.88888888888889,102.0,5.773502691896258,13.428365040254192,6.045098003882419,23.778816176702996,25.232254490367417,0,26,-58,-64,21,9,-3,-49,15,36,19,74,89,27,16,15,19649.490789543004,6766.236379201585,2879.2707559394735
43,2039.0,226.79087603704713,187.26061067253707,131.19590311753907,58.0,58.0,58.0,69.77777777777777,93.16666666666667,0.0,0.0,0.0,22.21499882600731,18.36134224093895,0,0,0,0,0,0,59,0,0,0,0,59,59,59,12,9,3318.3291260420106,2262.357181254936,1110.4751609565626
44,6001.0,688.0663431017579,293.68906331628864,151.1296926520242,181.66666666666666,202.44444444444446,231.22222222222223,215.22222222222223,160.0,9.128709291752768,12.66764128804053,12.505801123014674,21.841742796651136,34.746702481434596,10,21,-30,-90,28,16,0,-36,28,46,41,71,125,27,25,21,30544.21241996305,5564.726833006388,2394.192287028014
45,5450.0,720.1588209814081,484.0057411562103,209.57695549727978,221.77777777777777,199.22222222222223,186.44444444444446,142.33333333333334,107.66666666666667,15.739389920251941,6.77868846340873,9.130061592966284,28.666666666666664,3.9440531887330774,-15,-27,-59,-3,-47,-13,-13,-69,50,18,32,78,12,22,19,16,33459.91789918273,15113.648869172419,2833.7096951941135
46,5033.0,1000.0773822706649,429.4415231028706,331.6055891199598,230.44444444444446,197.0,156.22222222222223,114.55555555555556,90.33333333333333,17.632741711002108,14.944341180973263,20.465568796709256,15.592812525940783,8.844332774281067,-37,-40,-37,-11,-39,-28,-53,-36,56,54,66,50,25,14,12,12,64526.11422769971,11898.065920316987,7094.339789393268
47,5244.0,913.5032391807067,320.38775186989574,119.92281621020285,188.55555555555554,211.22222222222223,200.66666666666666,144.33333333333334,97.16666666666667,19.14918687633215,6.511149032881605,4.737556801183965,43.576242252962665,3.0230595245361753,41,-10,-98,0,2,-12,-5,-100,58,19,17,110,10,34,26,16,53837.94632217063,6622.471712790056,927.8375385668369
48,4736.0,523.3104366237244,77.88324025005869,58.81379442941986,149.88888888888889,177.33333333333334,176.22222222222223,147.0,119.16666666666667,15.32930703981715,9.72967967955095,9.6006687009902,19.241159586215748,8.274794391537606,41,-2,-51,0,24,0,-19,-38,42,25,27,59,21,14,10,10,17667.98794060089,391.34187818376444,223.16531710877868
49,5013.0,490.49415781788196,459.9750305215073,169.43707403595042,151.33333333333334,153.33333333333334,129.11111111111111,175.33333333333334,212.83333333333334,16.22070008079525,17.224014243685083,14.555979637588003,29.881246441353294,4.844813951249544,-10,-10,16,76,0,-14,59,0,40,50,46,89,13,17,15,15,15521.58186151435,13650.130884081385,1852.1885198621994
50,7179.0,482.00116358557676,601.8783434427182,291.4286418439611,267.77777777777777,241.55555555555554,248.22222222222223,227.0,169.83333333333334,12.62077456487057,9.130061592966284,7.913108362117714,24.63962481676844,29.58837985125617,-10,3,-51,-57,-22,-2,0,-47,41,29,24,75,85,28,16,16,23371.45421324842,14988.717528893607,5479.396986259092
51,4353.0,516.6254317495122,289.0840655516377,117.94592039244921,123.11111111111111,164.11111111111111,156.33333333333334,150.88888888888889,119.0,26.053127107868747,17.090897151176666,4.618802153517006,14.027310223231162,15.895492023421818,43,13,-28,-24,14,-24,0,-21,81,52,15,43,46,21,19,17,17219.47333744329,5391.586900378288,897.4993636917328
52,2214.0,174.09398905455558,113.32420152079762,57.552780795569284,63.77777777777778,66.88888888888889,75.0,85.44444444444444,73.0,3.5206621150566355,2.3306863292670035,12.265579661982732,7.6610285226392,6.531972647421808,2,0,14,-13,0,29,0,-17,9,7,36,22,18,11,10,9,1955.401098382437,828.5403000210526,213.6982307937305
53,5819.0,1019.8792362923523,451.57365325041627,262.0065361409006,258.77777777777777,219.55555555555554,175.77777777777777,138.22222222222223,118.83333333333333,13.406281925341135,20.554053999210694,17.68726960762569,15.375144283173249,3.0230595245361753,-47,-39,-30,-1,-26,-45,-39,-41,43,64,58,49,9,12,11,11,67106.68752388851,13156.049310317881,4428.866127777622
54,3229.0,745.6783587710515,158.6585002991823,133.2817084055101,137.88888888888889,100.88888888888889,56.22222222222222,84.44444444444444,123.0,2.514157444218836,40.37998526345129,1.6850834320114558,24.217124845911606,15.56705923844749,-83,0,1,48,-8,-77,57,31,8,83,6,62,45,80,32,13,35873.304176741185,1624.0335301410094,1212.894410359264
55,4226.0,603.0063850544307,142.6269932566757,98.25275688279707,100.0,119.77777777777777,152.0,171.88888888888889,161.5,5.395471352079548,12.254502825744211,15.347819244295117,6.9672957362626144,19.4828984838841,12,26,31,-32,32,39,6,0,13,33,46,21,53,23,15,14,23459.141962349193,1312.4167229315995,622.8131764561342
56,4091.0,1013.9843563545809,681.118355532833,312.37225203690036,210.22222222222223,157.88888888888889,129.22222222222223,85.55555555555556,52.666666666666664,17.299825161465765,26.651847734337686,15.914897128705668,21.328703201247695,13.474255287605157,-41,-35,-48,-11,-28,-61,-29,-42,64,77,51,70,39,31,20,20,66333.17902785895,29930.46543508069,6295.253151135812
57,6077.0,588.0892877556818,266.48316527533814,79.03465052367955,184.44444444444446,201.22222222222223,233.44444444444446,205.11111111111111,160.33333333333334,2.7532248207475263,15.338968368742533,12.641300136291457,26.269730973729036,14.940623220676649,5,25,-46,-25,43,19,-6,-61,8,46,40,80,44,14,12,12,22312.839378902343,4581.5017661395605,402.99845054195055
58,6041.0,993.1046021097762,73.8048294343141,79.22994011902654,157.77777777777777,223.33333333333334,247.55555555555554,204.44444444444446,155.66666666666666,23.32274892211359,30.962342719288323,18.312783095186763,25.83327359610775,22.343281366491855,31,52,-67,-19,57,7,-35,-42,75,101,56,88,65,27,25,21,63629.46778913672,1323.7564466290416,404.9924781461003
59,6422.0,1113.749346451164,174.7825069314707,214.6841765710121,158.44444444444446,229.0,261.44444444444446,238.88888888888889,177.5,24.513538713268503,35.739800409813895,12.885056901621532,25.65343574323133,45.595138629755986,17,85,-62,-59,65,5,-20,-4,72,120,40,82,137,47,39,31,80028.2326916386,2973.502946449913,2536.959244199742
60,5060.0,789.2184549323947,447.05280600555835,149.95775043478284,208.11111111111111,190.44444444444446,176.33333333333334,123.55555555555556,99.16666666666667,7.415366094872704,8.043093809268381,16.152055252780958,25.738475786310058,4.2196629670573875,-15,-36,-48,0,-13,-10,-26,-61,23,25,51,73,12,16,15,14,40184.888361669466,12893.949119835059,1450.795284868432
61,6594.0,1460.4160517740006,416.90069325477816,253.12102249446025,309.77777777777777,261.55555555555554,188.44444444444446,137.88888888888889,132.66666666666666,16.328419517841198,33.34370209103666,31.745904761650795,13.795687284594448,2.1343747458109497,-82,-77,-4,3,-34,-68,-63,-39,49,97,106,47,5,28,26,20,137600.9705986555,11213.302453955783,8080.4635390486255
62,6600.0,859.6553625935552,119.93394565669291,78.1116816131947,168.66666666666666,181.22222222222223,229.33333333333334,265.0,239.0,7.52772652709081,13.205872244134238,29.67977238606942,11.595018087284059,16.32993161855452,1,32,54,-32,25,72,6,-20,21,45,85,37,49,16,16,15,47677.89306037788,928.0097626311302,393.6409551252245
63,3054.0,380.0530916037739,217.74750030759648,105.25411100386418,119.33333333333333,108.33333333333333,102.88888888888889,76.66666666666667,74.5,14.275075403575904,6.76592771006148,10.62956510497902,13.424687043734847,5.560275772537426,13,-26,-11,3,-13,-11,-7,-17,48,22,37,41,21,22,17,13,9318.73241532817,3058.966057432693,714.7372827879876
64,3234.0,353.5601381768668,69.7966070772517,98.94335076153726,106.66666666666667,89.0,89.0,106.0,130.5,6.896053621859067,6.649979114420001,4.737556801183965,15.648926125740669,5.377421934967226,-11,0,7,35,-12,-6,33,12,21,20,14,40,17,17,11,8,8064.8239553319145,631.5991393497176,314.29460383846833
65,6473.0,1174.8070482619917,563.1143285412513,351.70823575833117,274.22222222222223,256.0,219.55555555555554,160.44444444444446,110.0,6.285393610547089,11.15546702045434,20.516178500074364,31.89953364727422,15.022205785658333,-25,-56,-77,-11,-9,-26,-42,-64,17,33,63,98,45,23,17,13,89043.32907393902,20457.91916183641,7980.560200015356
66,7123.0,559.0165358344199,77.76162566454687,82.18384471812195,193.11111111111111,223.66666666666666,255.44444444444446,252.77777777777777,237.16666666666666,10.397055613590743,16.898389140848767,7.9737222746707355,9.658361694266992,5.2094998693625945,24,37,-6,-1,42,14,-1,-15,29,47,24,29,15,13,9,8,20161.25724750427,509.91491602892086,435.7538279130561
67,6610.0,73.43193855416125,83.43747806470147,18.524747766301683,212.11111111111111,212.33333333333334,219.77777777777777,212.55555555555554,207.83333333333334,2.7261875880856214,2.748737083745107,5.370242654930921,6.8655518692335145,0.6871842709362768,0,5,-6,0,1,12,-1,-18,7,8,15,20,2,7,5,5,449.1492094062935,347.88707095627655,143.01940401972158
68,4586.0,694.7015231936062,409.351368906321,137.80648433094802,192.11111111111111,168.55555555555554,152.55555555555554,104.66666666666667,102.16666666666667,19.996913342060484,5.013561854523768,19.19554989580838,18.83849486792639,7.690181330039551,-5,-49,-25,4,-48,-7,-27,-29,59,16,58,56,23,19,17,14,31136.14234371076,10810.873756482513,1685.7385318001343
69,8745.0,707.5059662731309,261.69178821220595,397.80366038208035,240.55555555555554,257.0,294.8888888888889,316.6666666666667,336.6666666666667,13.801055604643768,23.065125189341593,14.309627252265008,24.850665092821068,18.135294011647257,13,37,27,-2,47,6,52,0,45,79,48,73,75,34,23,22,32294.496278198487,10209.53240086335,4418.231743077554
70,5291.0,325.90623516253333,176.84879169726335,96.34789414786417,171.22222222222223,177.66666666666666,189.88888888888889,168.88888888888889,143.5,5.390893098092535,9.498537899183338,8.999314102807372,15.637877409563716,10.111874208078342,0,9,-28,-15,8,13,0,-43,16,24,28,56,28,21,10,9,6852.5725237301385,2017.7738790181972,894.0536993896204
71,5183.0,642.9194776533936,266.60286629403225,27.550070504385708,164.22222222222223,185.0,205.0,160.0,120.0,5.711154344842843,13.283239230114184,10.842303978193728,31.25522178594945,5.259911279353167,12,17,-63,-13,35,15,-14,-84,15,38,36,85,14,22,17,14,26667.448693297618,4585.618601044752,518.7736666703458
72,5736.0,364.271989824007,202.7065695393883,29.509508281363424,180.0,204.0,196.66666666666666,187.77777777777777,166.0,22.0,1.247219128924647,5.055250296034367,11.183100124521005,10.598742063723098,58,-12,-24,-16,1,-2,-8,-9,61,4,14,30,37,18,12,11,8560.908552925297,2650.9647312533434,188.4665497225191
73,4293.0,186.6698703273253,119.11809959402981,60.130464941965315,135.88888888888889,140.22222222222223,151.0,134.11111111111111,126.66666666666667,1.594744454934147,4.288946459026396,13.39983416149452,7.248669524577818,1.1055415967851334,0,1,-9,0,10,22,-21,-22,6,16,37,25,3,21,13,12,2248.105837936821,915.4272032834335,471.2939345936852
74,5907.0,257.3491308959981,149.64362452137482,184.14740885127281,199.22222222222223,202.66666666666666,196.77777777777777,189.0,161.83333333333334,10.019733615640442,7.986099033807294,5.691665988829199,12.771496040445344,11.739061101960223,5,3,-20,-19,3,-10,3,-29,32,30,17,40,30,22,16,15,4272.811301479095,2187.759237847601,1444.723507089946
75,5503.0,295.88031656645006,57.96942688780491,86.36494826376456,175.77777777777777,159.66666666666666,171.22222222222223,185.0,196.0,12.190868875950446,11.372481406154654,6.908574025204361,6.164414002968976,5.385164807134504,-7,17,11,17,-14,7,10,11,39,32,22,21,15,15,10,10,5648.074950416923,1132.5582463362832,481.21963152276345
76,4670.0,486.82905078945026,281.04510641899225,146.44288285060694,111.44444444444444,143.22222222222223,165.55555555555554,168.77777777777777,177.0,13.342589379802734,20.432967793238117,13.309237486390261,11.91430305489795,1.9148542155126762,34,23,0,26,54,6,-7,-1,37,57,40,33,6,19,15,15,15290.485464035957,5095.89366722985,2915.6224735879973
77,5044.0,167.12153821862938,141.86864173871723,38.299634851822624,174.22222222222223,169.0,151.44444444444446,159.0,163.66666666666666,4.589305872902974,12.762793146051099,3.4995590551163605,9.16515138991168,10.354816378006046,-16,-7,0,-4,5,-31,17,0,14,35,11,28,32,21,17,9,1801.910228165203,1298.4975166960348,519.3467795557232
78,3044.0,570.6720464752781,190.78363335479767,102.85056782876694,66.88888888888889,74.22222222222223,100.11111111111111,123.77777777777777,136.66666666666666,6.1543921885005455,10.840026422454246,10.86732558783893,10.282431378897133,1.8856180831641267,2,17,30,26,19,18,21,3,19,36,37,28,5,10,9,9,21010.747395373022,2348.2835326488957,682.4670517870819
79,3578.0,360.3455029036096,214.25458902838324,164.36234610906345,88.66666666666667,112.0,138.88888888888889,122.0,125.83333333333333,6.236095644623235,19.160143817599884,12.32382015488203,10.349449797506683,2.91070819942883,16,27,-9,14,49,10,-14,-11,21,54,37,32,7,20,14,14,8377.347191151981,2961.6147690142884,1742.901988288752
80,7601.0,344.75975354434394,125.86293068439281,78.25567212140683,223.77777777777777,240.44444444444446,256.44444444444446,266.6666666666667,250.33333333333334,12.496913199113326,4.030746032714901,14.561067658589623,11.115554667022044,6.262764742685312,35,7,8,-6,11,34,0,-23,39,15,42,34,17,16,15,14,7668.341139610144,1022.0307948686566,681.2981676955657
81,4639.0,143.3565129785383,347.76275705769075,179.2386595053246,127.77777777777777,150.11111111111111,152.66666666666666,146.22222222222223,173.66666666666666,10.860507229588801,7.880276989554286,12.569805089976535,12.55014632741412,12.578641509408806,16,-4,0,26,14,8,-4,39,28,26,38,34,47,16,14,14,7802.511948152676,2072.6772297590755,1325.876762152632
82,5940.0,679.0433428051138,279.02279879108113,188.53124309877245,145.88888888888889,194.44444444444446,227.0,209.88888888888889,203.0,14.129908739537361,29.53382659900757,17.644640357154728,4.976487928124154,11.73314393786536,25,45,0,-29,75,4,-33,0,39,89,48,15,44,18,17,17,29748.378155351253,5022.820790013432,2293.1632015721707
83,9507.0,184.72191147864692,250.48716965570247,120.8436740419151,307.8888888888889,309.55555555555554,296.6666666666667,291.8888888888889,321.6666666666667,0.3142696805273545,3.3701668640229117,22.29100466306732,19.255270242163974,8.595864638818417,1,-42,0,42,11,5,-4,12,1,11,58,54,24,31,18,12,4047.9885265886896,2201.4312632467363,942.1415197386333
84,5162.0,219.54919017335118,227.23003087556785,95.44124759803869,144.77777777777777,171.66666666666666,174.11111111111111,172.22222222222223,178.16666666666666,13.782257336298384,8.273115763993903,5.342584568965026,3.993822390135873,2.1921577396609844,23,14,0,10,9,0,-3,5,42,28,14,11,6,12,8,7,3331.192705271711,3109.796574566099,587.679467294845
85,5929.0,363.7078330749498,383.7511910271959,134.9107782467134,152.88888888888889,194.0,197.88888888888889,205.55555555555554,216.83333333333334,19.404721329525533,14.499042113954363,6.045098003882419,9.616087343741691,7.73340517208012,34,27,0,18,17,0,9,15,61,44,17,26,23,18,11,11,9500.966233212348,8534.412118714568,1630.1226971170945
86,3100.0,161.95122183502968,188.32507370473186,45.59320672166433,86.77777777777777,95.66666666666667,101.22222222222223,103.44444444444444,118.16666666666667,2.528845928164676,9.153020145163987,4.589305872902974,8.31479419283098,4.561310727801336,1,11,-1,19,19,0,6,10,7,25,14,21,12,13,8,8,2288.1505410253358,1692.1418228296088,227.99400064583574
87,6211.0,427.30489179390145,298.110556031744,160.66187692783717,216.55555555555554,216.0,215.33333333333334,195.88888888888889,158.5,0.49690399499995325,0.0,0.4714045207910317,19.835122857331438,14.338177476002079,0,-1,-49,-48,-1,0,-1,-37,1,0,1,49,60,17,15,15,11779.96584199992,5733.542168874549,1665.3057224500362
88,5630.0,2107.779857469999,300.6554818562312,337.87190656639837,65.0,96.88888888888889,209.88888888888889,294.1111111111111,284.8333333333333,15.769168230019828,31.40574768500698,62.22261904635367,15.884614809756041,14.217555658019732,2,68,138,10,63,146,5,-1,46,107,185,52,41,33,28,28,286628.12435846764,7364.995177213729,5831.8528238840345
89,6405.0,788.6931408418546,297.213849427922,204.4229719673092,146.77777777777777,195.33333333333334,241.0,235.22222222222223,233.16666666666666,15.461621143821295,28.623999254704668,12.256517540566824,5.094174838376734,3.435921354681384,34,57,13,0,72,11,-7,-10,48,86,40,20,10,17,14,13,40131.41099425745,5699.101438178295,2696.048481803052
90,3430.0,163.43639366661023,169.62207176528875,143.21350914014062,117.11111111111111,121.77777777777777,99.33333333333333,108.0,106.66666666666667,7.593044250342172,10.705946195951915,15.69146972791976,5.617433182117573,4.8876260995383936,-11,-17,19,5,3,-10,-7,2,23,37,44,18,15,23,14,14,1856.2353051579823,1723.3196628869125,1323.2328516279383
91,3965.0,244.5129023398287,304.876981177522,117.08872482454956,147.44444444444446,130.44444444444446,136.44444444444446,116.55555555555556,99.16666666666667,12.781158972931916,6.002057260475335,7.0728135390397995,14.568696358296679,4.524623986832743,-3,1,-24,-2,-21,6,-1,-37,38,20,25,48,13,15,10,9,5996.772493672202,3857.1973813320474,884.5012568412342
92,4561.0,733.4046370285225,598.9005761554826,409.3455524507548,91.11111111111111,122.77777777777777,150.11111111111111,170.22222222222223,222.33333333333334,12.896549447597252,19.11240305710624,18.782050795873314,32.89639553972704,10.624918300339484,25,9,24,67,53,8,53,6,35,63,62,91,30,36,34,18,34702.08784612507,23140.76774963671,10810.566536207336
93,2782.0,182.8181676413673,129.0672933888709,54.40018928329003,81.11111111111111,98.33333333333333,99.88888888888889,87.33333333333333,86.16666666666667,4.4333194096133335,10.85254706406647,11.23926099235715,2.581988897471611,4.058598553961973,4,4,0,-3,22,1,-22,0,14,32,29,7,10,10,10,6,2156.2891883707916,1074.7333046921863,190.92778026179425
94,5866.0,128.68370918605407,241.14199826810642,86.73389348152811,189.88888888888889,202.55555555555554,181.0,184.11111111111111,197.33333333333334,11.656609421691908,4.855949640758257,14.83988619303471,14.043143399652724,5.734883511361751,19,-23,0,10,7,-3,-3,0,30,18,38,35,25,14,12,9,3751.578279273254,1068.3546457987695,485.33988893323595
95,5440.0,559.9518577604612,326.67804853112153,56.58823207643477,129.44444444444446,176.11111111111111,200.88888888888889,193.44444444444446,193.0,11.480525647190657,29.808441922994618,11.53202732918144,4.2192972324550055,0.0,25,48,0,8,69,0,-18,-7,37,81,33,15,0,19,13,13,20228.77954899305,6885.067573683992,1885.2330322559105
96,7349.0,270.19741312271674,174.72232354343438,42.328013176113295,248.44444444444446,246.44444444444446,246.22222222222223,227.55555555555554,212.0,0.49690399499995325,3.3701668640229117,4.916588197741686,15.854274650432863,0.0,-11,0,-25,0,-1,5,0,-41,1,11,16,41,0,15,11,10,4710.10593923925,1969.5413125430043,282.3380219018455
97,4977.0,751.240441317341,454.9242544726786,241.91873424124614,106.22222222222223,141.0,162.88888888888889,199.33333333333334,219.0,16.77814569133032,11.095544651395493,13.403518977777974,17.081503967091944,3.3166247903554,26,32,27,41,13,33,40,0,50,37,38,51,10,13,13,12,36410.464559398264,13352.004987582093,3775.78541786365
98,3582.0,320.59292662242325,341.27800692828555,174.95629982823334,82.22222222222223,113.22222222222223,133.11111111111111,119.11111111111111,135.0,9.052658023141635,18.665343868474405,9.350513288875222,6.332358599455559,14.933184523068078,20,24,-4,5,44,5,-15,32,24,48,29,18,45,15,13,12,7514.237291157611,6630.956425827784,1974.8197967475264
99,5561.0,774.6454181113812,409.9177714402985,286.462630825773,232.11111111111111,205.88888888888889,181.0,144.44444444444446,117.0,11.406084579385634,9.338622839755864,15.499103916750228,15.642613529224947,11.060440015358038,-19,-36,-38,-18,-20,-21,-35,-34,32,31,46,49,33,10,8,8,38714.549922642385,10840.811570489082,5294.247668362788
100,4177.0,592.6242186695387,165.90729476390268,159.43596469384187,144.88888888888889,160.77777777777777,156.66666666666666,111.11111111111111,92.83333333333333,6.623937138128391,11.012899282990105,23.309511649396118,12.956718072485662,4.058598553961973,20,-31,-24,-4,30,2,-45,-36,21,31,64,43,11,24,13,12,22658.28803572141,1775.8213197339683,1639.988828248779
101,5707.0,409.3196948633625,239.1930105381155,71.19027964219438,170.88888888888889,157.55555555555554,194.33333333333334,202.33333333333334,190.0,17.502028101175046,18.559879735668254,14.251705550954634,15.040685563571303,8.86942313043338,-15,51,-1,0,-12,31,5,-12,57,60,40,46,34,24,20,20,10809.200813099102,3691.180405824974,976.2740509960103
102,3213.0,354.4483035706912,301.2653380290294,151.35505038222763,88.33333333333333,119.66666666666667,125.88888888888889,89.33333333333333,94.66666666666667,5.637178175095921,26.34809712715934,29.538842392289904,2.943920288775949,4.459696053419884,7,-3,0,6,65,0,-69,8,17,75,78,9,11,26,26,15,8105.393542202659,5855.535735338417,1477.9581468520491
103,5657.0,565.3918503569387,158.5556500225406,193.19946311103817,204.44444444444446,207.88888888888889,182.88888888888889,143.55555555555554,156.5,11.991766722872924,13.96379799055356,17.841552277039153,16.035454545136407,22.662377045079214,-4,-45,-13,0,0,-27,-15,7,32,36,54,52,59,32,25,14,20623.73835161568,2408.131132025373,1621.9286551013156
104,3024.0,483.54753775122805,414.4841575005033,146.0811842352299,80.88888888888889,119.22222222222223,129.11111111111111,78.44444444444444,81.83333333333333,9.109755996786504,31.2081818964827,36.16764804949444,6.361535648133172,3.0230595245361753,12,-8,-1,6,71,0,-73,-7,27,86,94,22,9,37,23,19,15085.046533243592,11083.684956058198,1376.755637907565
105,5080.0,267.10575104678725,256.4594900689085,145.99232288159607,157.11111111111111,188.33333333333334,168.88888888888889,158.77777777777777,156.66666666666666,11.029701763314108,14.368174708168205,25.69671161168917,7.941141504535839,8.239471396205516,27,-26,0,0,32,0,-38,-1,32,37,63,25,24,34,19,12,4602.934338210882,4243.320648155133,1375.0811832493062
106,3584.0,429.1869759099067,143.13618905993144,13.772384473634325,89.0,98.66666666666667,124.0,135.88888888888889,139.33333333333334,6.666666666666667,15.797327481430381,5.92546294487706,5.065009475573992,2.6874192494328497,0,38,13,6,21,12,11,0,20,41,15,13,7,13,11,9,11883.96518004457,1321.8044270064818,177.8378353740245
107,6054.0,193.63684372728665,448.6421255840215,30.544373550105934,170.66666666666666,214.55555555555554,202.11111111111111,188.66666666666666,208.83333333333334,16.165807537309522,19.0852538254079,27.622231161167768,12.101423240447566,8.6874750199481,35,-16,0,27,41,0,-35,16,48,54,70,35,24,27,15,12,12985.790764422514,2419.0469192687756,2000.8733720820526
108,4687.0,222.319043239717,178.7789652951925,102.26380225666131,139.22222222222223,142.66666666666666,165.77777777777777,156.22222222222223,157.5,8.904153559844078,13.021349989749739,11.419065711711928,7.253777219533096,3.4034296427770228,-2,18,-2,7,9,13,-13,-7,29,40,35,24,10,14,11,11,3188.75851529183,2062.0592536786908,674.7022743219077
109,4827.0,325.47988808037263,62.08464294563859,170.9034702272543,136.66666666666666,141.66666666666666,166.33333333333334,171.33333333333334,170.16666666666666,3.4641016151377544,3.681787005729087,16.6266185511199,9.786612170602131,2.793842435706702,5,8,14,7,8,39,0,-13,9,12,43,29,9,13,12,10,6834.655325471738,1884.3868474656726,248.67760578628665
110,5882.0,382.337540233471,286.64038087085225,72.58741155401455,211.11111111111111,198.11111111111111,159.33333333333334,181.88888888888889,194.5,12.749243502127616,20.760242154680846,14.514360704718161,23.019047400139662,7.433034373659253,-23,-33,13,32,0,-46,30,-11,37,60,47,64,21,33,21,21,9431.096430437452,5300.819867470137,1361.4265402261967
111,5827.0,392.61227453753526,278.78292257346516,128.688102518028,152.77777777777777,182.11111111111111,204.55555555555554,199.55555555555554,210.0,7.5832824581118015,22.00729396482723,11.586497036647742,11.314799660534193,4.760952285695233,16,39,0,15,47,18,-8,0,26,57,36,28,13,26,23,19,9944.799878550804,5014.188252813083,1068.4275954639118
112,4544.0,276.71024197303376,252.87396886355137,127.01005406261483,133.22222222222223,163.44444444444446,159.66666666666666,137.44444444444446,144.83333333333334,10.008638244345372,15.585685106754646,23.636130534981113,9.558139185602919,4.879093722768149,23,-14,0,13,35,0,-33,0,34,46,60,27,14,25,14,11,4939.906968566155,4125.499621213185,1040.7454085798986
113,4466.0,133.19678967570567,284.3506850668933,184.175431519113,132.77777777777777,143.11111111111111,159.11111111111111,136.22222222222223,149.66666666666666,5.788451678947158,19.638083434685125,21.094730487043147,11.033059188716809,1.247219128924647,0,1,0,25,42,3,-32,2,15,57,59,27,4,23,17,16,5216.471748258818,2188.425133887204,1144.6054696718998
114,4198.0,480.64136662739963,190.01823643612187,109.32413896863915,137.33333333333334,166.55555555555554,146.44444444444446,112.33333333333333,112.33333333333333,10.198039027185569,13.300886445907038,29.473570500105538,2.0,2.494438257849294,18,-35,0,0,28,0,-69,2,29,39,74,5,7,27,14,12,14904.266020222887,2329.4793663415426,771.0817652409274
115,6538.0,1016.8040979034174,299.95255377379283,101.75236059918132,158.0,167.88888888888889,207.66666666666666,260.8888888888889,279.0,3.9440531887330774,16.09999616593774,21.186998109427606,21.252160384009297,0.0,0,29,37,62,33,52,30,0,13,46,69,62,0,19,13,12,66702.61764601173,5804.615130027101,2599.7434019498646
116,5823.0,842.3115919305137,226.37526112398612,191.42108631332636,137.44444444444446,162.55555555555554,213.55555555555554,228.88888888888889,223.66666666666666,11.45145416395384,31.556338018467894,10.925109825139426,15.322057045278399,27.95035281033537,0,71,13,-40,56,18,23,0,32,88,35,45,85,51,20,20,45773.47212261399,3306.1779902550306,2364.002082927364
117,4119.0,623.6115051248369,278.1785111806893,18.278575826297274,94.11111111111111,109.66666666666667,155.33333333333334,156.44444444444446,153.33333333333334,18.199172413689855,28.126697479638647,14.236104336041748,5.599823630379624,1.9720265943665387,2,50,25,0,40,10,-9,-9,51,89,49,15,6,21,21,18,25089.76189187514,4992.469940819675,566.0597234431842
118,5247.0,124.50001726702945,96.72399114134049,67.83477421441293,158.44444444444446,162.0,174.77777777777777,171.44444444444446,175.83333333333334,7.274172134814627,7.571877794400365,7.842587126676131,4.786813161897337,7.71182353417285,0,15,0,4,6,12,-7,12,19,25,22,15,23,12,10,10,1122.5003786718323,1000.0164064187533,603.582610471622
119,8822.0,449.67104297484275,226.09598887946473,84.47982731656607,254.22222222222223,283.55555555555554,297.77777777777777,309.22222222222223,296.8333333333333,18.004800457271745,11.548074501463784,5.370242654930921,10.69556271209678,16.866304343934456,41,21,6,-15,19,1,22,-6,60,38,18,34,43,19,15,14,13045.422380005404,3298.0255604763224,656.0164564180262
120,3762.0,762.7924626617613,89.97709547023537,119.01532257909099,156.0,156.88888888888889,120.11111111111111,77.88888888888889,79.83333333333333,4.422166387140534,8.77426089884428,29.968296004813133,4.976487928124154,1.0671873729054748,-7,-71,0,6,4,-20,-59,-9,15,26,77,18,3,34,14,12,37538.86071571579,2007.5180973067324,913.848194103558
121,4337.0,334.14212857999456,312.78075570447646,78.82421641069185,120.11111111111111,160.44444444444446,156.33333333333334,130.44444444444446,139.5,16.78256002484884,17.839476269785692,23.185244349705602,4.809969071536303,3.304037933599835,34,-5,0,9,31,0,-44,5,56,53,58,14,10,18,16,15,7203.287876901295,6311.729105746029,442.2045704322002
122,7004.0,593.4680977248339,179.00818320022918,249.57402658132918,189.0,226.0,262.44444444444446,237.11111111111111,228.33333333333334,17.035909785574184,22.548712700383685,19.85565193037607,11.732617823301597,2.4267032964268394,46,26,-4,-4,64,17,-21,-35,47,65,56,39,8,24,20,16,22722.86342046029,4018.5286931624637,2067.350300170763
123,4214.0,644.5923922289086,41.698331495080275,175.01103117609068,167.77777777777777,166.22222222222223,126.22222222222223,100.33333333333333,106.33333333333333,4.236816881097249,7.7284147832352,26.703215693902145,3.3333333333333335,2.5603819159562025,-12,-54,0,8,1,-7,-63,5,13,26,73,10,7,17,12,12,26806.409814154013,1976.0555505366854,454.7138107831059
124,4916.0,551.0073081337523,171.3230050152336,159.83407875189747,198.33333333333334,175.44444444444446,147.22222222222223,130.55555555555554,128.16666666666666,9.741092797468305,11.889408088351498,14.482002453449882,2.3622546250521443,1.863389981249825,-25,-32,-1,-1,-22,-28,-33,-2,32,35,39,7,6,12,10,10,19587.680878503466,1893.6498095128875,1648.1892084172787
125,4042.0,266.24454867613554,217.10318931942263,160.87316033713265,120.11111111111111,120.77777777777777,121.66666666666667,128.55555555555554,156.83333333333334,0.3142696805273545,0.41573970964154905,0.4714045207910317,8.858280634664332,20.883938538716517,0,1,1,9,0,1,29,33,1,1,1,29,53,20,16,10,4573.300625790892,3040.8899879138753,1669.6886268939813
126,9391.0,842.5652093115264,723.0917058370411,340.36032693538164,243.22222222222223,277.8888888888889,295.3333333333333,335.0,395.3333333333333,17.034460352654936,19.490421832527804,7.333333333333333,45.95166542744186,4.149966532662911,41,30,0,104,36,1,91,4,55,50,21,112,12,48,33,22,45801.040770462896,33733.00742260142,7473.880783971622
127,5908.0,799.5221781349676,148.23393214254997,104.25482401067053,231.44444444444446,226.55555555555554,188.66666666666666,150.44444444444446,142.16666666666666,4.499657051403686,11.605660602683992,20.949675149960893,11.226071946946744,0.3726779962499649,-22,-52,-10,0,0,-19,-43,-30,12,34,67,34,4,12,12,9,41241.013763205374,1417.6321702220712,1046.5331711604888
128,3249.0,384.9069728874487,98.2776518580935,110.51934754070126,86.77777777777777,88.0,101.88888888888889,125.77777777777777,129.0,2.973130702279923,3.366501646120693,14.707854624462433,5.00616903380836,0.0,-3,0,33,15,0,32,6,-1,8,11,43,16,0,8,8,7,9558.28243725026,788.0339471498239,623.1288293381042
129,4344.0,448.3180879583108,223.99023517320384,81.84761640485411,158.44444444444446,156.22222222222223,153.33333333333334,120.22222222222223,103.33333333333333,3.7449554547450483,2.57240820062005,12.427567921538166,14.853191035956458,4.109609335312651,0,-25,-20,-9,-3,9,-17,-44,11,8,42,45,10,14,11,11,12967.039225199758,3236.8790614804643,1295.0975826497415
130,3296.0,564.5738649551914,220.66975750116433,169.42682166985122,94.33333333333333,116.77777777777777,143.11111111111111,105.55555555555556,71.0,2.1081851067789192,25.345513641044942,16.589450760745816,21.119296658696395,10.115993936995679,0,28,-51,-6,66,0,-31,-41,7,73,45,65,30,21,18,18,20564.10638648021,3141.6220564917867,1851.9643807192033
131,3283.0,307.6580197171767,209.56845157026362,116.18688413396572,95.88888888888889,114.44444444444444,127.66666666666667,96.55555555555556,95.5,4.280302285390716,13.158107860522188,18.445113776342563,11.66296237488678,3.095695936834452,7,-7,-3,2,34,13,-22,-29,11,38,58,39,8,27,12,12,6106.674651373877,2833.479735068255,870.92851901675
132,4682.0,704.3837070435085,179.3877854167406,40.38279930375419,108.88888888888889,156.66666666666666,188.11111111111111,168.22222222222223,145.0,10.364945671127858,28.608468054833775,14.510107162820791,11.48697598517341,14.53730832490435,14,60,-22,-24,67,10,-27,-10,36,89,39,34,48,28,23,16,32010.09075795849,2076.127584304685,736.5485152318703
133,3846.0,385.6378974526908,201.61772333638643,123.11977230716178,137.55555555555554,140.11111111111111,137.55555555555554,108.55555555555556,88.16666666666667,6.32650704243856,5.1086950811433995,7.602793508691557,17.474496407374893,4.017323597731316,0,-8,-40,0,-1,0,-13,-39,17,16,24,51,12,12,11,8,9594.618577531126,2622.5617008611407,977.966344062409
134,4346.0,1241.7051986139832,581.238736341536,448.1448873129369,90.77777777777777,90.66666666666667,100.0,182.0,249.0,9.91942849807362,12.622730819174324,29.514591494904874,36.742346141747674,29.376861643136763,-4,0,47,95,0,53,79,57,29,33,86,118,80,23,22,22,99473.01937193483,21796.030233800353,12957.02193707901
135,4730.0,147.373840879268,97.30172245778253,37.54259278873427,159.33333333333334,153.44444444444446,147.44444444444446,143.77777777777777,157.16666666666666,5.41602560309064,2.454524670486058,6.913932971601798,8.469261777848669,2.608745973749755,-5,-15,-2,20,-15,0,0,4,17,7,22,24,8,11,7,5,1401.2289661617842,610.8145285968628,90.93201763230638
136,4351.0,684.2938644908139,425.49550750708306,185.26579751343846,82.88888888888889,131.33333333333334,167.66666666666666,162.77777777777777,174.66666666666666,12.368817822289552,29.340908112887185,11.065461781798554,6.285393610547089,5.120763831912405,22,64,0,13,71,6,-10,6,39,88,30,20,13,15,14,12,30210.19954708211,11680.41463927163,2214.4139179542185
137,3860.0,399.44394909286996,315.802618383753,130.56269971696975,95.0,109.44444444444444,132.11111111111111,135.88888888888889,156.33333333333334,8.768630958643937,14.637175737834363,9.938079899999066,12.32382015488203,6.289320754704402,3,29,4,24,23,10,10,8,29,49,30,36,20,12,11,9,10293.90119141337,6434.2770179376985,1099.7818424118457
138,2820.0,232.21553241155735,386.50379007065266,141.0575762576485,65.22222222222223,88.77777777777777,91.55555555555556,96.22222222222223,122.16666666666667,7.913108362117714,17.395898480694157,22.627962598475907,21.85699876610987,6.202598021976132,15,-5,0,47,49,3,1,8,21,55,63,64,25,40,20,17,9637.753531547043,3478.971193108581,2102.345870890571
139,3661.0,350.0488372535633,195.15226682809592,80.84286686796054,106.22222222222223,136.0,135.22222222222223,106.77777777777777,108.0,12.299754087675247,14.259499757471625,19.187830505457693,6.178417233092375,2.7688746209726918,25,-8,-2,2,27,7,-37,-8,39,41,56,21,11,15,15,14,7905.431513714336,2457.0585321383464,421.6496208665053
140,4255.0,371.84754328261164,44.0630535499445,169.88467039981637,148.0,156.55555555555554,143.0,118.11111111111111,120.5,12.073846850849888,5.438772555786852,20.412414523193153,5.4251358292149785,4.112987559751022,29,-37,0,4,11,0,-41,0,37,19,56,15,11,14,14,13,8920.683577117037,1861.9871765712514,125.26146375130902
141,5416.0,596.7754767130532,392.1275640291754,278.9564018076259,214.0,193.0,184.22222222222223,144.88888888888889,120.83333333333333,19.102065042525872,5.206833117271103,16.883771154427013,15.110294095560185,9.081421817216851,0,-34,-32,-11,-42,0,-29,-37,57,15,49,52,26,12,11,9,22976.836748780148,9920.259772351945,5020.430587706953
142,4949.0,1266.270156484412,307.8844899031815,255.94446414688878,235.77777777777777,206.33333333333334,145.11111111111111,92.88888888888889,89.5,7.083278866892989,20.14392657298417,33.92293371892775,9.982701086762756,1.2583057392117916,-49,-84,-3,1,-12,-43,-70,-28,21,58,99,32,3,19,17,15,103447.7489808424,6115.668330512403,4226.294756608912
143,4421.0,898.3998357988138,209.5408920627251,108.668518790643,125.88888888888889,178.88888888888889,194.0,124.88888888888889,97.16666666666667,22.999731614107752,24.378699466015842,21.964618012714094,31.285227058449895,2.1147629234082532,55,3,-53,-2,55,1,-33,-81,68,68,66,86,7,23,18,18,52072.404191183065,2832.7345449317827,761.8610952356383
144,3954.0,751.0960278181263,423.2970541841654,247.24168150962842,170.66666666666666,155.0,139.55555555555554,92.11111111111111,60.666666666666664,11.69995251652283,3.4318767136623336,15.406428031550922,25.60140814028463,4.109609335312651,-4,-36,-57,-1,-29,-1,-31,-61,35,10,45,71,11,18,11,10,36396.467290591485,11560.025553612406,3943.770908110229
145,4351.0,478.83895996897223,321.1768035538859,260.19305135727205,161.77777777777777,162.0,146.33333333333334,133.44444444444446,97.0,9.162456945817024,5.868938953886336,8.013876853447538,14.056324089660862,27.086281890777602,14,-18,-38,-28,1,-13,-10,-6,29,16,21,49,71,28,16,15,14792.69352155919,6655.131557489761,4367.769288684397
146,4072.0,846.0574139660407,139.82677675493878,68.70476420057587,174.22222222222223,170.33333333333334,130.22222222222223,87.11111111111111,81.83333333333333,9.174575712596896,13.39983416149452,24.123652652199056,10.764596750918102,2.4094720491334933,-12,-63,-9,0,0,-30,-46,-28,26,38,71,34,6,15,15,10,46181.49340173579,1261.3888708177733,1027.5517556880977
147,5490.0,951.970034953822,32.58144353711763,58.027300152370266,194.44444444444446,229.66666666666666,198.22222222222223,136.44444444444446,123.33333333333333,27.455463374997013,6.429100507328637,27.242849327964446,22.47522641641538,4.533823502911814,68,-76,-24,0,12,-10,-49,-49,77,21,87,62,13,26,17,15,58467.54499677307,217.23661696601926,107.92019421709193
148,3318.0,479.4131792578114,193.64582846334966,58.26817578849938,91.55555555555556,120.44444444444444,138.44444444444446,101.0,82.16666666666667,6.849348892187752,17.062702085810905,9.92316158300716,22.543784558547888,7.3805299418281765,15,27,-52,0,44,7,-22,-37,20,49,29,59,22,18,18,14,14828.193319102129,2419.2714116940056,219.04389094964083
149,6813.0,1518.040311287507,422.8551349913773,329.9635021533425,322.55555555555554,262.55555555555554,184.66666666666666,141.55555555555554,147.16666666666666,20.28196303840824,32.17697973227689,32.61560635306015,6.308919807368174,5.899623340142619,-78,-77,-2,1,-43,-71,-77,-2,54,89,95,20,17,20,20,17,148673.9604318626,11535.900979908125,7024.25243569671
150,5163.0,621.7431396384017,164.93988982553088,310.930826041502,179.0,196.55555555555554,186.0,156.66666666666666,122.66666666666667,8.178562764256865,7.776190314187863,20.869967789998036,8.432740427115679,30.755306678504912,22,-32,-20,-62,20,0,-44,-6,24,22,54,30,86,24,20,20,24939.647205639856,6237.288940829096,1755.172081010208
151,4798.0,712.2913314793059,218.17241383195287,109.8611194317671,191.33333333333334,189.11111111111111,156.22222222222223,125.33333333333333,108.33333333333333,13.498971154211057,13.641802132859821,15.774647576818936,11.832159566199232,7.475887164001935,6,-39,-18,-17,0,-32,-32,-29,46,40,47,33,21,18,17,17,32732.834896810502,3070.916268210376,1229.548396330613
152,5621.0,784.7037451088859,132.23670880241153,139.76921465994852,175.11111111111111,220.11111111111111,213.77777777777777,173.88888888888889,139.83333333333334,28.33703679499654,11.179787758315793,18.641517450022842,14.828234662625102,20.521668764720108,68,-22,-33,-41,27,0,-38,-33,75,34,56,51,59,18,16,16,39726.449521800816,1260.350539784445,1128.1643325737896
153,5659.0,228.44536081871587,141.51730465366344,55.04953838288674,200.66666666666666,185.88888888888889,174.0,174.0,174.0,7.817359599705715,11.91119402956213,0.4714045207910317,0.0,0.0,-15,0,1,0,-6,-32,-1,0,25,34,2,0,0,9,7,6,3366.92147610278,1292.0740333185668,195.51301136574023
154,7723.0,1612.2980029017513,424.29330800063644,210.2292448542878,320.6666666666667,323.1111111111111,265.77777777777777,172.44444444444446,137.5,10.498677165349081,13.617345510980917,36.735625390613755,39.70477472297846,4.193248541803041,-4,-93,-69,0,5,-17,-76,-101,35,44,120,113,12,23,22,22,167709.99033296626,11614.503949298252,3132.733623681732
155,4480.0,475.60168076865835,406.5705150764958,210.74769136279767,98.0,145.11111111111111,161.55555555555554,158.88888888888889,173.33333333333334,19.072959334559958,18.308737710263095,5.794846582402354,5.9711239300197345,8.239471396205516,33,41,0,11,33,3,1,15,56,56,18,19,23,13,10,10,14593.352177417622,10664.489272875298,2865.4573815967074
156,4814.0,779.6013446248397,192.30997069145084,188.76246253012823,119.77777777777777,123.33333333333333,157.33333333333334,202.88888888888889,193.33333333333334,11.272166091531021,17.537261917287875,13.466006584482772,23.211321205367984,24.499433100017278,0,39,21,-21,12,38,40,-7,38,50,49,68,82,26,23,19,39211.50042199084,2386.008053377203,2298.791436157302
157,5928.0,369.1899500736455,254.178599642898,69.87897472596079,158.77777777777777,194.88888888888889,205.88888888888889,204.0,204.0,10.05294625446002,17.903720559608367,3.9283710065919304,0.0,0.0,16,36,3,0,35,0,-10,0,30,49,13,0,0,16,11,8,8793.62704744396,4168.178097833849,373.7607145660896
158,4981.0,458.199713864971,162.08384673793347,86.46968904363357,156.33333333333334,181.88888888888889,185.66666666666666,147.0,132.5,6.3595946761129705,13.59284488614379,9.006170724070865,23.874672772626646,6.601767440112787,9,10,-44,0,26,0,-10,-43,21,38,28,62,19,22,18,15,13544.96630877043,1694.9144111849007,482.3875563421037
159,5143.0,1276.0679276997428,318.68810531064037,324.51659415594355,242.33333333333334,215.44444444444446,153.88888888888889,101.0,89.33333333333333,9.556847457887633,16.700705980494163,34.462360931712944,11.025223605694151,2.9249881291307074,-45,-75,-18,-4,-22,-27,-83,-29,27,50,98,33,8,20,19,13,105054.79716799458,6794.259347262803,6552.394094611988
160,4204.0,265.8807207263593,130.4310194042492,61.74766620335427,128.22222222222223,124.22222222222223,127.66666666666667,140.77777777777777,159.5,3.1894889098682944,3.0469576001782417,2.581988897471611,10.8195068462043,5.315072906367325,-3,2,4,24,-4,1,26,9,10,9,8,30,15,8,6,5,4560.81017122374,1097.5645692149453,245.98543752005588
161,6253.0,322.7527545521004,171.67018324515053,48.91112882934459,208.88888888888889,224.33333333333334,200.0,190.0,190.0,22.644324500827253,6.3595946761129705,14.92946378437246,0.0,0.0,44,-21,0,0,0,0,-41,0,64,20,41,0,0,21,19,13,6720.6026174818535,1901.332375188611,824.0448629447222
162,4109.0,976.6166871401174,302.3184080581098,303.68472042990527,195.11111111111111,165.33333333333334,119.55555555555556,82.55555555555556,74.16666666666667,16.74942416552113,15.383974345619102,24.75260305553118,7.228202652129152,2.733536577809454,-26,-50,-8,-4,-25,-27,-59,-22,52,53,76,25,7,20,19,14,61534.20345809922,5949.961898231601,5896.543216179986
163,4512.0,790.4713064176383,8.53656991165606,164.81859156237888,186.11111111111111,180.44444444444446,130.77777777777777,102.88888888888889,111.5,2.3306863292670035,12.632507546547528,28.185014843501413,2.960647243216495,5.852349955359813,-31,-52,-1,4,4,-15,-70,9,7,42,79,10,15,17,14,14,40312.57330771663,1752.5914919100833,395.33289205207734
164,5391.0,540.4093143235666,211.45683464852377,171.45647378702427,194.88888888888889,200.77777777777777,165.0,139.22222222222223,161.0,2.8846122190549264,8.80375901757347,32.859972272930754,19.40662989678057,4.041451884327381,-2,-77,0,43,16,-8,-41,0,8,26,95,54,11,33,15,14,18841.434000494675,2884.773736746657,1896.6014453858497
165,4312.0,854.498811407829,216.04321673595035,206.43051936270402,194.11111111111111,172.0,127.66666666666667,95.33333333333333,89.66666666666667,9.503735457930265,16.29587541544042,23.50886357667394,4.642796092394707,2.2852182001336816,-34,-46,-9,-5,-8,-34,-61,-11,27,53,65,13,7,18,16,16,47107.627012735,3011.2691288785045,2749.26189189392
166,5717.0,95.29358178074204,298.5932452189104,29.750119385044894,177.0,187.33333333333334,181.33333333333334,173.22222222222223,199.83333333333334,4.136557881996952,10.110500592068734,14.666666666666666,11.716823401301394,12.94110591186944,0,-9,0,20,16,0,-2,22,12,28,37,35,37,10,9,8,5752.124263894219,585.8623695872817,202.55639245405558
167,2531.0,302.5173827509034,141.18709660001437,64.07934493114996,57.55555555555556,78.77777777777777,94.11111111111111,92.0,91.5,6.344045521608977,11.311525860110589,4.201704533597564,2.260776661041756,2.140872096444188,10,27,2,0,25,5,-5,-1,21,36,14,7,6,6,5,5,5904.307539771401,1286.0513707317284,299.6878454686464
168,5211.0,79.09967224723391,245.12896682521102,87.76711234037262,157.11111111111111,180.11111111111111,167.88888888888889,165.0,177.5,14.517762640943179,5.68515502465157,9.51541958489184,6.5659052011974035,4.5,27,-9,0,12,4,-4,-5,4,43,20,25,20,12,9,8,7,3876.6587339868,496.97200055274516,403.6618161045143
169,3161.0,223.68794461975742,214.85488638014073,223.46294622439336,98.33333333333333,97.11111111111111,93.22222222222223,94.44444444444444,127.5,6.616477747093069,7.445273585667091,4.613453220450376,14.55343496002928,18.803811670332514,-1,-3,-9,22,0,-13,29,18,23,24,14,52,48,21,16,13,3228.148165691055,3221.6573119539426,2978.2336904144004
170,5306.0,1296.4994537108762,139.01693318132413,234.58950656592563,243.66666666666666,224.88888888888889,142.44444444444446,105.22222222222223,119.66666666666667,16.268579122549905,26.471974465437317,41.00707557133988,12.29071716357763,3.4480268109295333,-36,-89,0,27,0,-48,-85,0,43,79,120,35,8,31,21,19,108445.86022403876,3550.466876828686,1246.8198523316598
171,4376.0,360.0529519567074,141.55441914378676,90.72664222239722,150.44444444444446,135.88888888888889,122.22222222222223,128.44444444444446,161.66666666666666,8.434204317488154,5.30082686305625,8.953928719069236,16.466201822798595,13.237153101109852,-7,-21,0,36,-14,-13,24,18,25,18,26,50,32,16,14,12,8363.75020727345,1292.7518438151553,531.0531360613503
172,4401.0,345.7882975024516,287.27279136213224,76.79194114744841,111.44444444444444,142.88888888888889,148.44444444444446,160.0,162.0,15.319639617977028,10.43971524137453,7.646511348482335,6.497862896539309,3.9157800414902435,32,12,7,12,20,5,6,3,42,30,23,22,13,11,9,8,7714.1643025576905,5324.235913354269,1295.4161563665862
173,3506.0,178.8824226363053,242.22224533256622,110.21225574576701,114.0,126.11111111111111,113.0,115.22222222222223,107.66666666666667,22.94437718580403,9.468596569062088,2.70801280154532,4.262961354055751,10.85766498326822,37,-7,0,-19,0,-24,5,0,61,24,7,12,31,17,11,10,3785.2655570290276,2064.4465244021903,783.6607301013157
174,4829.0,380.8199887036722,131.15790901797413,70.44741397041555,148.33333333333334,178.44444444444446,170.11111111111111,146.33333333333334,138.66666666666666,11.718930554164631,13.532767731293397,17.48297231558908,4.8074017006186525,3.543381937578216,25,-5,-12,-2,24,0,-42,-7,41,40,45,15,10,11,11,10,9356.37830943651,1109.8320708365932,320.1831054915563
175,4827.0,863.3843578674694,63.21889256067705,140.9533910968532,180.55555555555554,201.88888888888889,170.77777777777777,119.66666666666667,103.33333333333333,19.664469431558313,2.997941680718231,28.334422637012377,13.038404810405298,6.6248689714505975,48,-68,-20,-17,2,0,-58,-38,56,10,78,40,19,15,14,14,48092.42254259505,1281.7973201098416,337.6233974041385
176,6184.0,769.4962744070773,256.77364601278765,161.16634064383547,187.11111111111111,166.0,169.44444444444446,219.77777777777777,265.1666666666667,8.006170459845254,9.72967967955095,14.51521126352253,33.32925901025764,1.7716909687891083,-20,0,25,84,-16,14,71,0,25,29,43,89,5,41,19,10,38201.581698475515,4253.722921722604,1675.7799584854722
177,4465.0,324.0484230929614,367.67620000165493,61.683878226901236,132.22222222222223,166.66666666666666,156.33333333333334,123.22222222222223,136.66666666666666,4.685148587179559,24.018511379535767,26.14914487660692,5.711154344842843,10.094002619817815,2,-10,-2,6,47,0,-57,19,17,62,72,17,30,28,18,13,8721.663745010132,6774.669710260342,256.2456120656644
178,3463.0,575.1532902595234,92.7818332941213,59.643976333970905,138.88888888888889,140.88888888888889,101.11111111111111,81.11111111111111,91.5,18.63953054037124,15.566662701244638,19.156921838358784,4.039924213932854,7.041543391425869,6,-41,0,5,0,-32,-40,12,51,45,54,14,21,19,12,11,21342.01982557133,555.385070285039,229.50992986627747
179,5120.0,1599.2194203887057,260.85877655965913,308.30659764599363,175.33333333333334,239.55555555555554,228.11111111111111,121.77777777777777,52.5,20.537229067665816,35.08121089735489,39.244092108648644,49.514931031576005,14.68275632615802,44,-22,-107,-10,60,0,-71,-120,77,93,115,151,41,36,25,23,165000.17771279937,6132.448913035397,4390.148471496915
180,5765.0,1205.6922157851147,270.7765539527042,322.3510594449352,258.3333333333333,236.44444444444446,171.11111111111111,128.11111111111111,118.83333333333333,5.92546294487706,20.68875760788996,34.30401481020502,3.603838831161523,13.993053832368243,-41,-78,0,-34,0,-44,-82,-7,19,60,94,12,39,20,18,18,93786.69156160127,6703.884227436927,4730.318849709786
181,5058.0,370.01444256755394,219.6082187346487,234.74460394160505,173.0,177.88888888888889,143.77777777777777,141.88888888888889,174.66666666666666,24.110855093366833,18.787965678087335,9.040375825247997,10.58767044406364,20.725722075613085,16,-16,-1,17,0,-39,2,42,68,52,29,32,57,21,16,12,8832.947594101763,3555.163166432321,3111.469015213245
182,5794.0,1164.6535729072011,238.3210254830534,193.74592239413508,251.11111111111111,233.44444444444446,179.0,123.11111111111111,123.5,4.55691036764664,13.38416237458048,34.71471029853355,12.740525407310367,5.9651767227244274,-35,-88,-7,1,-7,-26,-70,-25,14,42,104,41,15,21,15,14,87510.83515390381,3664.316850793174,2421.7730609260907
183,6868.0,841.4755404773708,25.25404436498859,142.14801261249124,262.22222222222223,261.44444444444446,212.66666666666666,176.55555555555554,179.66666666666666,5.769224438109853,10.884352796674184,29.333333333333336,3.337034981706935,4.346134936801765,-13,-64,-1,1,2,-14,-72,1,18,33,83,12,12,15,14,12,45682.65065946345,1303.6166122374864,362.72564843366206
184,5389.0,515.8109871877801,287.8892221175864,69.49065792254888,169.77777777777777,194.44444444444446,204.88888888888889,153.88888888888889,144.5,2.3934065809486684,20.811914915959456,20.33302974879622,19.45618693055099,3.0413812651491097,1,-3,-26,1,53,0,-34,-47,9,61,64,56,8,20,16,14,17165.224161524722,5347.10994912704,311.54526054895393
185,7428.0,1008.4866642654075,98.03167278067066,171.74077846023266,298.77777777777777,277.0,216.22222222222223,187.44444444444446,200.33333333333334,5.159194118330621,21.802140567690444,28.94737669088428,8.883331596136305,2.211083193570267,-56,-54,-2,20,-9,-32,-65,2,18,65,87,24,6,17,16,16,65615.8291613657,1902.8964507178616,1468.0878615425434
186,4892.0,588.2991236609901,16.58354453541273,100.87843144851122,181.88888888888889,187.0,157.0,127.66666666666667,128.66666666666666,10.836609191321429,6.3595946761129705,20.46134567096374,6.018490028422596,1.247219128924647,15,-50,-2,4,4,-8,-44,-12,31,20,62,20,4,13,12,11,22328.765090341225,656.5456730007776,412.8397670480805
187,6629.0,1574.4557147883374,217.86248520777843,293.2550703160406,280.44444444444446,290.77777777777777,223.33333333333334,135.11111111111111,115.16666666666667,8.247708248842503,13.488907193837113,49.389607543827815,22.506514831855757,0.6871842709362769,-5,-113,-37,0,12,-13,-118,-62,28,45,145,64,2,27,21,20,159929.72889223587,5548.292662326838,3119.1317301640174
188,4634.0,977.1961730249949,373.07923075373003,259.7434648404693,215.22222222222223,180.11111111111111,139.33333333333334,98.66666666666667,91.0,13.079056861833033,17.149308016129943,23.990738953928776,9.16515138991168,0.816496580927726,-20,-62,-10,-1,-9,-49,-48,-27,43,54,67,29,3,20,14,13,61607.249069335216,8979.87822063193,4352.688227569825
189,5379.0,519.6221632063297,457.02316846410156,159.29387798032332,131.44444444444446,191.88888888888889,205.11111111111111,170.88888888888889,180.5,19.88919925269945,28.899997864069295,19.95798055050463,9.619938143072606,9.411871935663667,35,25,-11,7,59,0,-36,5,58,82,57,32,30,17,13,13,17419.81887065978,13475.495258901072,1637.0670685167815
190,4806.0,613.6679203964756,189.63843642618818,111.63690020153382,198.66666666666666,166.33333333333334,134.88888888888889,126.77777777777777,134.16666666666666,9.428090415820634,17.882331441335545,9.84823102496015,3.9094693523909294,3.4840908267278117,-38,-16,-3,7,-13,-43,-20,4,32,57,30,13,10,11,8,8,24296.0204208861,2320.176552914155,804.0514507488574
191,4728.0,777.6997948038,365.61954669478035,163.36768653787783,209.0,173.55555555555554,139.0,114.0,102.33333333333333,9.273618495495704,21.43263923765242,10.862780491200215,12.507775359529147,6.1553951042064625,-48,-22,-28,0,-16,-48,-28,-16,27,59,33,33,17,25,14,9,39020.44973147565,8624.364704857848,1721.871032563762
192,5655.0,1166.866537397861,591.50049996008,277.8296522450069,252.44444444444446,224.11111111111111,186.77777777777777,125.22222222222223,87.16666666666667,7.959775417143252,15.227493004755463,19.458090449749104,35.099154082170564,14.587856441422625,-35,-49,-81,0,-13,-36,-39,-57,24,46,59,101,44,28,24,19,87843.7107160564,22572.441384066107,4979.955849456867
193,5685.0,281.6333732007354,281.3910753416405,243.56794951218347,190.66666666666666,196.77777777777777,189.44444444444446,160.11111111111111,175.16666666666666,12.587471725666138,21.321756117886192,29.937383211968392,12.65301408487712,4.844813951249544,0,-30,0,25,18,0,-50,3,38,56,86,36,14,26,18,17,5117.248832285471,5108.447566575801,3827.441679327083
194,8163.0,869.5403263990702,439.3284276186104,327.41742421150553,313.1111111111111,297.3333333333333,277.55555555555554,229.0,188.66666666666666,8.143769867470532,5.656854249492381,19.641855032959654,18.51125783588643,21.38275525329283,-11,-47,-42,-41,-16,-10,-37,-47,23,18,55,60,54,23,16,11,48780.66962801314,12452.223697667136,6916.269011438536
195,11466.0,421.6567366978194,374.6969027360749,303.0691320936724,384.44444444444446,384.0,384.0,374.55555555555554,324.0,1.257078722109418,0.0,0.0,26.71292284482513,42.844680727794746,0,0,-85,-16,-4,0,0,0,4,0,0,85,101,85,19,9,11470.606684042314,9057.920575484346,5925.864440516904
196,8277.0,934.5550688335604,398.544585462957,252.101505707745,333.44444444444446,295.77777777777777,256.1111111111111,221.66666666666666,206.0,12.5530971044432,19.286021292219676,18.51992587244851,9.067647005823629,7.745966692414834,-41,-44,-14,-16,-26,-45,-42,-25,44,59,58,30,21,12,12,10,56347.94688274199,10247.599135602593,4100.333495491122
197,4200.0,625.4085461608241,327.58548679449007,186.55190108779786,93.11111111111111,107.88888888888889,157.55555555555554,156.11111111111111,167.33333333333334,6.822258414670556,23.68517794573196,18.12371749400407,6.740333728045822,10.354816378006046,0,41,23,5,51,28,-12,14,19,70,57,22,31,17,16,12,25234.570942644885,6923.371042476329,2245.26527738526
198,6447.0,1469.3927088678897,354.54512173685816,250.01262149930147,297.0,263.22222222222223,178.11111111111111,135.55555555555554,136.66666666666666,24.156894575991252,35.81364661620786,38.35345687576268,4.969039949999533,4.818944098266987,-51,-73,0,0,-13,-72,-100,0,75,113,114,14,14,32,23,22,139297.73760478158,8109.822151445384,4032.6652199324685
199,4791.0,699.9594516724596,260.3751579474445,142.73321876403006,195.22222222222223,180.44444444444446,153.33333333333334,118.55555555555556,106.5,7.88497555520452,10.457438725202172,13.711309200802088,16.139056224032096,4.272001872658765,-27,-33,-23,0,-18,-14,-28,-35,23,32,51,46,11,18,10,10,31609.240902297457,4373.885346848818,1613.370907560136
200,6543.0,1623.1062316935686,650.7819651428839,487.358598976828,303.55555555555554,274.55555555555554,219.33333333333334,135.22222222222223,87.5,13.350914334990202,11.344221349422416,38.60339651147581,31.765731982673746,15.96610994158147,-31,-99,-70,-9,-30,-20,-79,-75,38,39,118,109,43,23,20,20,169966.0541524192,27323.68813904733,15323.767999784312
201,4691.0,1120.5987943900006,340.66913429760586,139.82683744320846,137.77777777777777,212.55555555555554,187.33333333333334,143.88888888888889,91.66666666666667,40.70975252463817,32.748574561383116,19.014614262602215,19.50182011132092,30.755306678504912,42,19,-50,-60,25,-32,-47,-45,129,112,61,64,79,44,43,31,81015.5908379564,7487.448971811622,3636.4715717981226
202,5819.0,1026.528326794068,313.09328794398624,170.11047021920177,225.0,235.22222222222223,207.0,129.88888888888889,127.16666666666667,8.32666399786453,13.439392990407613,40.60651288757616,22.820285539378453,9.788031240017348,9,-89,-24,6,22,0,-82,-36,27,40,129,71,29,27,26,22,67984.5423039116,6324.348835843611,1866.9401340772947
203,4859.0,478.2086014322565,142.01137246605802,37.595988322692385,176.33333333333334,178.88888888888889,163.77777777777777,130.0,124.0,5.228129047119373,3.5101264442069584,16.685174908534673,10.913803695829934,5.830951894845301,3,-39,-17,0,0,-2,-29,-21,16,13,50,38,17,14,13,12,14753.772031212584,1301.1116070769976,378.416610658915
204,6739.0,218.57044552524098,180.02992894689302,238.1386595454497,208.22222222222223,211.22222222222223,204.55555555555554,216.88888888888889,243.33333333333334,14.62705087445691,11.764143051170155,7.289430874158545,11.33768979451031,16.83910792042012,11,0,7,25,0,-9,19,34,43,32,23,35,44,20,11,11,3658.7110432324857,3082.1315907807557,2091.017762362797
205,4580.0,176.26949410759522,84.24590829186354,122.6359514305846,139.77777777777777,136.88888888888889,147.11111111111111,151.33333333333334,160.33333333333334,0.7856742013183862,3.5416394334464947,9.266959760885797,3.6209268304000717,9.321420969406375,-10,0,18,4,0,16,2,27,2,12,28,12,35,12,10,8,2004.5764227707982,970.2952634377199,457.89503638200665
206,6065.0,702.6488189632885,211.68477074347788,49.90911872853359,223.66666666666666,226.88888888888889,206.11111111111111,155.66666666666666,154.5,5.163977794943222,1.9688939051854835,21.707369176001265,20.248456731316587,9.013878188659973,11,-66,-21,3,0,-5,-25,-34,17,6,67,63,26,23,19,11,31852.604051000304,2890.99626869154,585.7332988876921
207,5979.0,1840.6822544306933,747.9206419059225,357.9703694049866,315.6666666666667,254.22222222222223,173.66666666666666,102.55555555555556,74.33333333333333,13.249737942901193,38.26741514302207,31.699982474583308,27.195224707907457,2.494438257849294,-89,-75,-51,-1,-19,-90,-72,-72,44,114,99,78,7,18,17,16,218587.81688877803,36089.37332832045,8267.27647560921
208,6393.0,897.3865850283445,324.01433132868783,142.51605031591654,264.6666666666667,233.0,194.55555555555554,158.77777777777777,155.66666666666666,9.92191737742481,16.32993161855452,16.418899077391888,12.856280590329536,7.475887164001934,-41,-42,-19,0,-21,-36,-36,-15,27,47,53,36,21,14,12,10,51955.01180573123,6773.244316540433,1310.3757804934787
209,5472.0,607.0015189257615,445.0935245534769,159.00806954072235,229.66666666666666,181.44444444444446,164.77777777777777,149.66666666666666,138.5,21.863211109075447,17.282689548351303,3.2923405311175675,13.9522996909709,2.9860788111948193,-34,-1,-25,-3,-47,-38,0,-29,60,47,10,35,9,22,14,13,23771.022192140725,12781.17713544752,2584.6346501950266
