,0,1,2,3,4,1
0,51882.43260322074,12120.755655656714,-3830.857493606157,171.87198632790867,-66.78238764582701,1
1,11898.567412390163,2698.3180286750235,-3580.0217431870983,-6.7926540464762954,-142.27712936284792,0
2,11924.623900488305,2443.092766839477,-4408.574949262223,-163.7506023830645,-126.38860249150243,1
3,4894.669439715319,3060.234652053732,-5638.141989008819,-89.15870920960981,-221.79804457028845,0
4,46958.232471059564,1295.9907300922644,-6347.102103394842,-58.00820172408948,33.1543324132221,0
5,79358.53410419481,463.30546764063797,-4376.5419942257795,-132.82427646098213,35.2678454098569,1
6,20668.944023662294,4171.451705748003,-2515.6674671462156,40.69144748830584,-122.5571142163047,1
7,13973.140380269784,3282.4439757622094,-5298.78142981789,-0.14106636941602302,-140.71262351506593,0
8,3878.851973965044,2070.1802762889165,-4561.626356388622,-83.67950824674053,-82.12670726931405,1
9,19679.920334189366,12902.201209910578,-863.9564535794636,78.03093938520489,-120.3235943074199,1
10,28292.04654038178,8366.472885371035,-4468.061084030196,-137.3915970754041,2.2522739345509133,0
11,17296.528415970093,2235.9195878418045,-3486.0774910481055,-11.438084250430682,-161.7985253530837,0
12,1205.0363459654534,3499.6363463295506,-7202.7674401143895,-12.70296200974342,-22.084872861850236,0
13,13619.46446389374,2151.7959389030616,-2666.4870753208816,-81.91902898265278,-164.21258475040392,0
14,1791.0357128426986,1905.6731572381755,-3527.0837000839706,-47.66804569430856,-29.043956721368207,0
15,5900.993822389499,2951.7088515385426,-3091.148853725859,-31.38241961377889,-170.61923834237396,0
16,365.8275031984323,1379.333212762066,-2800.957970972337,-46.582658239989634,-47.31487094406123,0
17,28468.26193510955,9890.703571654069,-3289.063861194655,-123.32960822365266,-21.7576401276166,1
18,53842.24973996238,949.2521726484207,-6444.095097499627,-28.030100206573596,-46.64021639689973,1
19,3720.1255784411696,2587.0262859060804,-3896.851482698472,-93.25869680309168,-97.95730176156322,1
20,13754.80229497573,2083.5471741032807,-5190.737275503112,-44.57117665195972,-142.21732847749342,0
21,9352.137761333317,2818.196199989256,-4315.203539107536,-119.77849869273523,-83.801963170742,0
22,7643.689335988235,2218.0051143431624,-4842.317648828509,-45.14357833894938,19.470203678380173,0
23,221.47579661952716,1995.2323043348922,-4090.7110594956525,-11.612241766427813,-43.00669059334806,0
24,2991.3335694554157,4768.085479001553,-5094.967890165947,-54.574454033676425,-75.71120284627392,0
25,59461.269581223285,5299.63277063864,-3499.7423363288904,61.68518117966796,-211.27303593941082,0
26,11035.738946494814,1223.684895693504,-2958.4620911531006,-48.325486016774704,-19.392635999823625,0
27,64033.91610847923,2643.013117643814,-5166.098763742915,5.4806557057661545,-299.719490064246,0
28,69494.24146661087,3673.5809092821537,-4846.344485839917,-5.880541486387137,-339.06521159125595,1
29,4452.675895628661,1881.8702988347222,-3542.866586577505,-108.19279199932798,-173.2541472006301,1
30,18359.73271462935,5044.403524905919,-3812.5734647971212,-1.4580084222191325,-192.54527361868992,0
31,52127.69908346133,504.46391809463177,-5388.099981548874,-75.9941750846441,30.051011916506518,1
32,955.6127144915835,2257.359876651154,-4697.147856796657,-42.8705479713524,-97.66219485245536,0
33,5061.567570155451,1916.8130995638294,-4209.602879794156,-14.144049821717868,9.407343701804946,0
34,9334.786464783205,1636.3021749119512,-2050.075202368712,-30.81925991268175,-163.5547224866121,0
35,16962.620512692854,1680.1572205347604,-2858.1028037416504,-174.62302381191873,-125.40547623753268,0
36,11099.794350620685,3230.5394291675575,-5522.576340400918,-271.83232109345715,-255.16294018718037,0
37,4727.286043848931,2670.6393183319,-4242.929182750635,-70.68602270856145,-36.262388297793535,0
38,128.35178621011994,5187.669045446871,-10830.75190856501,11.812777226031175,-9.686810326242224,0
39,31272.49479671626,3773.3630537254867,-4234.570738620236,-91.86814184701906,-24.802891329327263,1
40,8174.362440286955,2989.5039178998773,-5820.699887910943,18.45792800686345,-71.92147013307165,1
41,31797.907246313513,1744.6634649610082,-5108.507783651771,-69.13972981054933,-316.71415874795446,0
42,65353.126101876784,2610.8215672392257,-2909.2608869086553,50.172628433764615,-214.9770628716019,1
43,10724.466594380554,3080.1271611374796,-3233.821875878924,-180.86220320792933,-260.6161636763271,1
44,12266.604161447285,3196.336577906088,-5477.393243547905,11.509988548528069,-95.54151111551913,1
45,12143.15387023739,3189.592701119508,-3515.527047444451,-253.6372595094438,-245.50964624663007,0
46,13817.183005979497,1953.2542356637784,-3096.028553018204,-24.397160271932126,-166.3994268753091,0
47,3916.967859400865,5608.599523086017,-10344.675938306345,-114.74580691418102,-80.59845329156273,0
48,138584.01936233605,7470.320010265083,-3100.5898876794786,-213.25404956676232,13.329476733858558,1
49,65046.932031703705,770.3430687768049,-4749.847968859326,-200.67610089519988,-88.25064636896201,0
50,2946.0655912118823,3228.473979534227,-5204.554251574338,-25.564255321104746,-67.4951315337377,1
51,31773.441044583924,1953.08864123327,-4344.443878126041,-84.4124963787359,-24.001027401772735,1
52,9281.390904340085,2001.291419321844,-4376.1556151770465,-22.43493693723323,-144.22360686998024,0
53,11755.368762625858,2197.5805073222427,-5187.409906067228,-47.47565021118783,-105.92062980012477,0
54,740.6771423041683,1780.8866753493148,-3573.240893092925,-21.147196290129386,-21.741524617289755,0
55,27120.85702997324,3061.570408252598,-3307.8089890996475,-42.2872839954532,-91.74471763058634,1
56,87327.96586025461,4893.907679285805,-6053.755646305341,67.42402923877086,-279.50911180057483,1
57,2598.3860245408205,2633.0672759193867,-4365.508130573224,-45.6211507607143,-52.475959348784485,0
58,632.8278788025643,1176.3742002120805,-2400.1333250872394,-64.24018040251578,-65.40912283306655,0
59,18434.614272741983,1620.8143267516657,-4098.671773267954,-139.24777075785607,-129.0426348796157,1
60,43401.59396970436,1848.3401087171765,-4841.635591208333,-129.55057224719923,-42.056118830057095,1
61,28145.90724768714,4131.329672690081,-2712.8591296692002,-133.07442028805826,-21.66542197812724,0
62,2763.1019497718685,2247.942468421698,-3098.5116435594523,-88.36762481327072,-139.33755046168494,0
63,165378.47437716732,1621.430112982663,-2938.0021114361007,-239.05142315703915,-86.4965075363189,1
64,11245.26085774185,2613.671346138257,-4770.560837189051,-72.3233746473966,-143.16545356391262,1
65,633.6280622852523,1930.056430640183,-3238.823422525112,-26.862519501829407,-72.26272995024796,0
66,54368.8399874007,-717.2015624795861,-3256.8334715747255,28.32594772557704,-118.9025238634777,0
67,7996.127732025102,1546.121544795074,-2980.580730205206,5.424571323223556,-71.34847255967242,1
68,25574.73312960397,1877.103894916336,-4736.904058210945,38.484342649560524,-109.25114754881886,0
69,26500.356000163818,4182.718324653679,-6202.927802525408,-135.7277416722585,-131.2253419997814,0
70,50324.697006497554,862.9910868080607,-5575.321761686097,58.58382740682044,-87.32434824484538,1
71,114780.03802185743,-1023.0034030537638,-4400.766321899352,-91.72215381269912,-103.80603784594902,0
72,9779.426455271885,2529.682040054114,-3376.8946457510683,-55.79111943894586,-58.00959441108632,1
73,22780.919340370725,1851.2821726085901,-3127.639594834198,34.37432591447804,-108.63640924485843,1
74,8335.084258109702,2609.824334924513,-5206.908164374642,-45.20504335416319,-34.62111470076146,0
75,75053.55317868735,3059.998046671243,-2620.672646448587,4.238919927590439,-369.33980825836016,0
76,25732.76220778554,1052.591958366388,-3175.4478571873906,-75.1562667768892,24.09954491580339,0
77,4989.0801976385765,2576.533045513976,-4389.715948129598,-43.13352529437546,-164.08255020578568,0
78,25904.868200503195,2164.4175616879625,-2284.3058719307046,-157.8899430386919,-135.49027744459772,1
79,1986.7016610378448,1655.907526704616,-2452.889491255627,-81.736890421979,-63.99427850225028,0
80,13725.626717427987,2654.398469754062,-3209.032083754467,-34.635613048314895,-203.60539125403,0
81,18074.526211717806,3143.4166247107946,-2098.774997859676,-102.09178371876985,-127.77150676144083,0
82,75277.67915487984,1442.178042760833,-3608.0141434200164,-232.1507533102359,-74.56928151364991,0
83,6972.626507119052,2306.936247564693,-4786.84808812626,-17.368468608413018,-60.02067563313709,0
84,1137.81815029288,4282.075024350632,-8272.687416520199,-40.84441097425992,-64.84904791760917,1
85,24791.320970543613,4350.762788858499,-3068.4394221989432,-223.55628378486065,-160.1537234186764,0
86,23499.344174814374,2089.028883620062,-5545.9522894131,-142.9541767633534,-142.22082729208898,1
87,4212.769995107513,4669.957250424735,-7704.264314543314,-115.61165186025863,-102.17917654061185,0
88,1529.6672519194015,2136.846897165405,-4321.4520254379295,5.520337520341599,-40.42840450324814,0
89,2079.8695285269296,2290.5465329961125,-4871.124742435663,-51.60386409111544,-70.39922539994087,1
90,1304.0016857630153,5176.42212030713,-9640.559950168079,-0.058925481324032546,-57.56760714569274,0
91,18399.302345625816,2331.9528735251147,-3142.6339522713406,-30.060509575352345,23.63714818713933,1
92,32889.67814865758,1327.6604741032847,-3140.9473330367114,-0.3698872767524862,-199.57922988163554,0
93,285565.2108757603,-598.9178700148344,-7492.639764533921,-315.9444272273198,-70.90865686115033,1
94,12862.177576737487,2963.1554135930373,-4618.901646018432,-70.98646647289655,-56.39526973780628,0
95,72318.58866176804,5918.999288951701,-4457.669600269802,-313.26001570800395,-143.75726371277585,0
96,55298.12416283742,209.07351383189905,-4001.3990601482574,-65.43860695982578,-131.11644107723126,0
97,27487.362904852598,1829.686545017989,-3164.4330993744043,-83.84224642234133,-77.276535542801,0
98,14251.236565486264,1019.2599480419443,-2980.3059220193936,-73.73331789298601,-144.56079850871782,0
99,35268.36524279746,1446.8313285461609,-3180.9587657113384,55.45485991898991,-123.77730747632027,1
100,33781.91119303577,3464.832724078943,-4993.332472294916,-313.3173485353942,-247.8697228657993,0
101,5817.923469572602,3049.7139165885874,-5292.983500829868,-104.84729931137687,-239.30541560572564,0
102,14619.576048286606,2615.9169977337233,-3872.660566868711,-115.66276579185099,-55.220577196914306,1
103,2712.818075932992,2411.3253657020073,-4261.550386596971,-68.22092183361868,-38.05798408306794,1
104,2656.9521893168553,2744.025418255964,-5151.286015682076,-72.712050899218,-101.76535247490607,0
105,30284.3155965467,1828.1077953145004,-3419.6428124155996,-315.5954215563219,-244.03510673960557,0
106,12864.442129546564,3691.919949064101,-3884.781264870849,40.736617228251625,35.80994764687667,1
107,1226.0353128511717,2572.4374825817113,-4479.9045344462165,-90.56350900174515,-73.71321299635115,1
108,20830.041125871525,5119.975931112168,-4785.416525398441,-4.090442239134521,-206.28685464711927,0
109,11245.26085774185,2613.671346138257,-4770.560837189051,-72.3233746473966,-143.16545356391262,1
110,77061.3112509193,4684.579816914521,-4177.473669495586,-218.6955785944529,-35.62443418559575,1
111,26736.51809390797,6505.483850131785,-1815.9532421201063,-36.586038929968126,-299.3505521946896,1
112,97054.83089977468,9680.998239663497,-2148.8362457168855,-105.41265216768613,133.70170986605854,1
113,5914.86380602029,1607.9172137194782,-2853.069991844253,5.615026118629888,-75.94109210109718,0
114,9227.500377600143,1843.4037265106965,-4484.115101242495,-63.57902843522377,-20.078389467097512,1
115,9288.425562610983,3695.4767729634873,-6154.0391350019545,-109.12702570766322,-87.46692359254183,0
116,21557.889423834044,1949.2529849802413,-4652.322035395428,-122.43911397634636,-81.00310376559219,0
117,19066.988810240025,5519.982602242478,-1540.8956950856316,-144.9578336610415,-78.86359207877474,0
118,35174.67674049408,1088.9324532699266,-4758.959656753791,-103.53319584009233,16.121525517725892,1
119,147557.17042923078,3259.258721466187,-5263.2175190296975,-260.8441501628076,-81.5502072227031,1
120,4475.047135403525,2648.3696774898494,-2356.2057158525067,-18.518296154543204,-154.1547149134773,0
121,7668.203300281541,1779.5318382004823,-2474.660758264764,-136.7247188716272,-270.7929603921584,0
122,6031.174227868198,2073.6116556363045,-4731.177993605645,-25.976318627505453,-32.70692459218836,0
123,3613.6870511434845,3342.117011085319,-2590.397899890549,-10.748343917070313,-104.41819673611165,0
124,23966.165906728093,1665.2400671094713,-3065.9429102586664,-228.24958483362767,-180.98373276284607,0
125,41392.874206055225,2916.366633081989,-8582.291164565784,-124.3562010541138,-96.95400933628856,1
126,22012.62336036858,915.8814200223023,-3007.158743882161,-198.07427532602162,-225.17458397122215,0
127,6358.518268847746,2106.0370572263787,-3868.027533290251,-90.63386794424143,-246.8725265308976,0
128,1302.750683012763,2359.5723180350474,-3847.5296334564873,-53.02611988719528,-69.91204296316103,1
129,16401.950575552684,2793.245153665082,-5131.232843232816,20.26354133569985,-92.38087532444247,0
130,112344.67817888549,3898.8526241249983,-3120.6407654533837,-120.62487158146821,81.00766752463095,1
131,173364.0651433556,1748.778884805579,-4976.89524540331,199.65743972181397,-134.46221470023016,1
132,13429.571740893874,977.3522881373169,-2963.6444666920584,-66.83158505868022,-76.05065678423487,0
133,15149.462297603008,1210.734741310074,-2022.0434699546695,-147.25996448523236,-150.0344287379906,1
134,8345.007437543556,2184.4402231212784,-4409.240579373447,-57.85349547369606,-189.17810326286798,1
135,35259.587428216015,1335.1136922830615,-5336.432205404586,-209.28821659121175,-146.12749995222654,1
136,18440.66133765014,2254.0351622156654,-4506.6606069792915,-78.92556665928353,-74.57118773656609,0
137,43249.452999555404,3234.08192095805,-5707.603176753345,-96.74780351219302,31.610797588336045,1
138,9670.695010375197,5760.982652609656,-10057.17248151438,-159.84217888023335,-126.92084253687378,0
139,9205.691235064012,1448.6946131654538,-3579.302251467354,-86.31228240092325,-81.97451234764392,1
140,24457.482831056524,6862.588825612684,-5483.370138900462,-131.24532561005316,8.996569760717277,0
141,8065.134786371164,4358.537727306837,-5964.761754493694,-60.27381153981015,-173.46471706897034,1
142,28866.89709123491,5375.105900860679,-8735.718471731305,33.77226877947884,-107.47046414528732,1
143,9322.985867270609,5854.289029575359,-4882.322324433001,-157.18740437314398,-118.6698041935138,0
144,73785.21396072267,1000.3511873713927,-5897.199044904506,-209.0463265827211,-77.02263655959442,1
145,31272.944191080278,3629.253770180236,-6308.3400749895245,24.694681891591397,-177.6022068599495,1
146,2082.1816945433698,2953.6647051392742,-5304.934941404591,-47.13524755311183,-141.28631599489455,1
147,6884.974417581435,1955.740156155374,-4520.15294271912,-65.00339346270121,-38.29416292281662,1
148,8659.054212670279,1692.0930577431436,-4318.695067175456,29.462542815262818,-19.640626404472272,1
149,10378.038807250834,1423.5233593487471,-3783.382365608174,-46.141380541243954,11.81596001381296,1
150,5609.148148040254,2644.9408565092454,-5218.410588112689,-18.712779251196437,-86.89896165485679,1
151,16787.59112529349,3010.539198252639,-7324.270828488433,-106.12119512195447,-50.31395332273304,0
152,15912.45083970374,1520.3431885004293,-3152.554006368824,23.807376205990042,-90.32671604944724,1
153,41675.626567978485,1208.3668302481085,-2874.491370574399,-57.60995033917564,-62.18159651955264,0
154,1843.0001103627214,4225.441525770342,-7420.09285164193,-77.69304589557917,-66.64802545028506,1
155,5597.831639062311,5810.559908953677,-4752.915049621445,-30.0435049082941,-155.02842810076334,0
156,15319.562513040646,3834.6664620515553,-4853.539788092664,-105.04591161593784,-114.72503104550472,0
157,2244.914613072516,3154.310540531806,-5343.527987301736,-77.8350926281955,-89.969038447462,0
158,2331.6156288613583,3110.8713781891015,-5837.425468205345,-51.23200963563622,-157.45187401614973,0
159,55705.07031726762,5132.310097026542,-6070.241767562345,-14.888985489185265,-242.9179834630035,1
160,36238.51661677757,1705.2704109056433,-4927.268598123558,-92.7490091805372,-84.0663517322866,0
161,31451.89723099394,1328.2683833209699,-2591.8047132164684,-107.3878176611396,-87.91949745058261,0
162,20339.498549705015,3292.44021000486,-6151.74822595609,0.9773017276722256,-142.48594405166438,1
163,123541.97635206116,2235.7970511847807,-5070.257533510518,-154.81895460932267,39.390866866277854,1
164,29086.94124798045,1186.4869840845429,-2851.971616231132,-0.24535801150017034,-98.60750747409182,1
165,34221.62955940053,4233.319460568885,-4561.812552843481,18.686992166227654,-222.68886231804768,1
166,2767.913221258563,2856.1085234045377,-6175.1749982356,-2.8437238125849817,-28.464693358379918,1
167,6309.626234855174,3607.0004982601076,-7903.348635106324,-83.43629669521303,-55.61968133269209,1
168,65941.357606767,2529.4582637989092,-3570.5700698765036,-128.81412407304336,18.57607229716838,1
169,2090.786853299715,3361.9761579537326,-4862.756911548854,-45.91356622981758,-123.89312868177954,0
170,10461.60782763644,1298.330544299531,-3369.037274942071,-16.162349244646393,-81.19380993272081,0
171,90.33835887526321,4260.088072077792,-8924.399461106714,10.988948354069265,-0.9059418722451157,1
172,1614.2418788222258,1237.2148386574552,-2664.873275696064,-17.945175545219108,-5.783861971665359,0
173,13422.494831298578,1087.9090058276893,-2542.25126152951,-124.16312553100303,-91.12607255300544,1
174,95273.90633212346,5621.77189415225,-7061.3276981817025,-260.7444542247183,-208.9770824262922,1
175,1142.747073014775,3353.4226645162653,-5149.15338255102,-63.56529592080995,-63.46656068325564,1
176,161518.54024833636,4125.089345019909,-4796.963573721035,105.80685862056531,-367.03021681882063,1
177,30722.48962503785,3093.1033591388064,-8500.752728540418,-26.607623995943214,-37.25902796491663,1
178,41304.32509285816,4671.513587225073,-8995.36881080771,-307.35199110674455,-236.27021649178045,1
179,31098.334911638336,3444.1883508126593,-6693.617610666826,6.214857724324465,-157.3435075873788,1
180,25074.11187953925,4608.463466190881,-2972.4284546544964,28.31495528267877,-165.01988135138615,0
181,12438.856266856012,2741.8828341472813,-2928.8310443125224,-171.60544018883076,-107.184175312091,1
182,48983.08673271186,2410.6453952754473,-4286.405167079859,-0.3673739978685317,-262.1481008900398,1
183,13989.496902540257,2545.2499495735265,-4544.886989159369,-3.6562055568228358,-99.05528020191531,0
184,5976.964932080984,1710.5055413845632,-3050.6257329749283,-17.68872326953888,-107.82324462905821,0
185,57863.93575305235,1062.2881125582503,-5168.91329768118,-152.96740486186013,-27.51410175037324,1
186,74198.90132106414,223.53081986483454,-5630.631794709181,-140.4930618350635,-31.442516676306113,1
187,33119.767608267655,6479.630726590714,-6644.370571012617,-7.6513037720523664,-258.4901891102391,0
188,10758.816258269342,1464.867050238652,-3387.903871409618,-119.76957988165947,-156.06161065861275,0
189,15470.687092437713,3255.9688209565697,-4148.407797082271,-108.09130266752217,-24.02887730787088,1
190,23705.456608996497,3683.951782186368,-7818.245736529264,-50.651245272303626,-162.86994489068556,0
191,34480.37899205067,5179.5472060098655,-2011.4953153073764,0.4762652242711697,-227.21212454809935,1
192,45771.14882071512,2723.0735848507898,-3929.5097688996098,38.7367698358748,-198.67358824846823,1
193,6657.1655316397855,4559.1625373440575,-5094.180051800338,-81.58594364553885,-97.21001105458494,1
194,9227.500377600143,1843.4037265106965,-4484.115101242495,-63.57902843522377,-20.078389467097512,1
195,6731.682578060595,1464.248665556568,-3657.468143102292,-29.402740617804138,-7.924094698204708,0
196,3714.4161820764643,2953.8405733486334,-5021.297701827573,-13.165574329915371,-72.16464530649492,0
197,1506.2005847000048,1259.9987327603208,-2343.7834600944925,-8.594995796112407,-67.41457442402013,0
198,2178.6700032306385,1677.7497068584687,-2358.964383769492,-64.45425585399676,-139.23312612959663,1
199,114874.43196709646,-579.5879068524064,-4709.421582169654,-132.8246233758626,40.622073705799586,1
200,3023.074205572661,2088.9078848790655,-4247.232734060391,-21.592288620727736,-77.0554702308098,1
201,56549.97709072623,411.3526926881305,-5632.675226206022,-221.06386564916085,-266.3303679642227,1
202,55740.099132889896,669.6916231717645,-5277.541594407578,-147.23454488632885,-65.72314126015414,1
203,154273.3432373525,3438.915946502732,-3612.6095879273585,-293.97670387012107,-115.7436832453634,0
204,49463.08039949824,3069.1817718327143,-3922.0814214257907,-53.31124734732801,116.28619883638305,0
205,100071.43279029655,3259.5369400157692,-2544.883560345284,54.67381535090183,-337.9931594915698,0
206,5793.0794741863965,5095.248433248791,-3658.7789389977415,-115.11258501116642,-102.0516928918717,1
207,19286.397342347846,1857.5423331639417,-3776.4860446904213,-184.5955337921933,-113.3313021942931,1
208,9815.286287325953,2396.9000923700937,-4256.435996016093,-1.886445295322085,-76.19015241691207,0
209,19784.17517394239,3665.654262812475,-8025.450886414318,19.86457692539309,-119.22865737467666,1
210,1368.0210416981274,2868.696630811428,-4985.753592879239,-40.962077854359826,-103.85565525424994,1
211,17708.85685141604,1163.031294489909,-3199.561170434245,-333.87758301933536,-328.5463470757118,1
212,14406.199816843144,1300.5017300577556,-3058.1516635669027,-35.763019518068496,-48.82325156769958,0
213,24757.470122205472,1943.7435908530801,-3862.2394451389705,-111.58651239684039,-334.99308163743325,0
214,6821.99550789485,2543.353168754715,-2982.426592678975,-36.27760593672411,-166.68192919215866,0
215,5322.298093616315,4340.592545518036,-6104.297916925225,-79.58406684779274,-207.26955660795215,1
216,5573.3982034572155,2401.1609296766815,-4625.233850954767,-22.799927130272543,-114.64626101569259,1
217,205475.0195661361,332.10533021200735,-5378.343568755501,-97.50353968933676,102.86858677238575,1
218,4743.556102386918,1351.6602234074626,-2332.028633042168,-56.520128477780844,-157.973774962274,0
219,238.1307824504791,3596.655781493612,-7280.215220512332,-17.69717414326506,-21.251867394337545,1
220,39520.47325332041,1702.9540786786529,-4406.533321754592,-122.73487926796791,-46.229429845667916,1
221,2353.7334120364817,1982.9511124060848,-3049.8925521661727,-91.93533736755167,-129.57964626778227,1
222,58912.37044020902,3508.225137545043,-3907.98761092151,-175.60983898870086,-106.04394697473045,1
223,14904.309468171947,4236.379087957845,-3051.8922163575025,-141.64662053294558,-61.22988015720506,1
224,71864.80464257229,3510.925883853891,-6936.815207117185,-338.19533235711145,-304.2028612078563,1
225,50519.533373485574,2335.7114277843066,-7060.553315468854,-69.55641764502728,-164.29633408754225,1
226,166471.10862788834,-1241.9723385519628,-5080.958798324576,-108.78750112588205,131.91952898760943,0
227,947.0709113584734,2983.515149279184,-5788.352902498624,-39.863946544512174,-86.3331483944789,0
228,13933.74367723351,3516.8235572753847,-6156.332430208449,-144.90238354175008,-84.17811504476066,0
229,25925.73155966586,1873.4119641865846,-3560.7279135314734,-178.75980141295915,-119.95203464784782,0
230,29304.868364424052,3053.548417592178,-3967.8936963275814,-86.64619491394133,-83.11338390585009,0
231,27929.15872944958,3662.348657777313,-7362.373663463953,-2.759580038110937,-165.48361360673675,1
232,2826.1420331992213,2942.8578518814734,-4448.527919651662,-77.57861053530776,-138.3649558520366,0
233,105592.78591060449,533.4733395127913,-5174.346540291127,-199.66360238613993,-50.439955082616265,1
234,5234.331155718804,3314.301866870708,-6316.862019894503,-127.02238402315146,-104.20666072633023,0
235,29607.145611332846,1637.4326920188605,-4844.098804014074,-33.42897443311944,-210.50531758910492,1
236,28561.62435923213,2280.943837603748,-6287.120942668514,-49.5443417283636,-111.84304577763258,1
237,4057.5723515663535,2323.4117172028327,-5195.420113991393,-52.24434975777179,-38.88373654630708,0
238,98720.33115262,1411.5921159166498,-4108.5287573338455,-192.36368254644094,-44.673003443518596,1
239,6545.065458893952,2670.9068215975317,-4314.45917678004,-40.06439574814338,-169.58973270380653,0
240,39443.55642656964,4307.67760079127,-7234.9433438401775,-85.26084806887336,-93.92000801496637,0
241,79969.49284925044,1837.0584666332988,-5226.6977297439535,-172.01167609485043,-37.434475136975635,1
242,56602.28125663881,5187.220089151689,-4371.254436352138,-213.82462390780702,-72.55783797905549,1
243,14284.780873115891,2173.099419360311,-4860.351315078656,-42.50850127681883,15.571500622050616,1
244,33798.11483345367,856.8500544020512,-2764.8733066622317,39.11703261672351,-108.93955298841834,0
245,214984.1622032099,6992.217657243149,-4945.783976307265,-84.59532909422457,239.5132277372194,1
246,35377.304380466594,4476.510121045876,-2070.7803405786512,-86.05058428987496,-20.364934942847103,1
247,20857.598876398646,3848.7958556421286,-2821.188897445688,-186.86722098935684,-80.80324817541559,0
248,3037.48356548228,3457.250917163568,-6007.3016138114035,-21.880914300485106,-41.267448030869076,1
249,17934.161354979016,1794.8941810680726,-2820.899782982779,-39.142145783225054,40.8224532997511,1
250,113240.19042545812,3748.108380602957,-4157.574453477576,-207.05883375825937,-83.29846838003738,1
251,39743.704253520984,2099.5212599711726,-6088.634822117881,-37.63597149431746,-280.7715146275286,0
252,21075.87105869082,1305.5660584884017,-4228.930703001284,-154.73603814181155,-134.9917445151551,1
253,1381.4440148734907,1004.7307832971027,-1674.3515804268204,-4.113215909293221,-36.32485995549072,0
254,35230.11006120085,3319.0370236179538,-6623.717496826634,13.560385320388582,-175.52780436991557,1
255,1605.3154357613907,1986.5088016062193,-2912.4362061454917,-47.599890168659485,-117.25348343224913,1
256,6074.225257927428,1532.907428180609,-2312.382040488633,-89.27458034759465,-68.5315211353117,1
257,44066.5370689527,11927.06315161462,-4697.815754538529,-168.57114518184127,-9.226579029746388,1
258,19613.663238076453,5249.553491256433,-3279.3859774590337,-210.77469813016336,-121.54330028936144,1
259,12895.963994585678,1722.8407284150053,-4366.089247388073,-87.9821538196082,-97.78841579839174,1
260,953.8952193589362,2325.0754337887943,-4406.837405930977,-32.04569057337182,-96.31972431117674,1
261,22015.271967757264,1927.8841909178168,-4243.786404295013,-67.91225910554776,20.591618507312532,0
262,9944.405621522794,3043.3611213605814,-5296.177521792956,-103.6168057135668,-275.37840043317266,1
263,21036.47034362311,2407.1625037412778,-4351.62535035482,-116.99841106477119,-30.63528423187586,1
264,926.5004590089465,1602.8844316534196,-3272.403136725366,-8.166414978154863,-49.55735857248249,0
265,78640.20557955357,-549.0331568336106,-4683.886659980512,-276.00591003678824,-167.86003406233328,1
266,26764.084205564686,2425.015205569819,-4945.783285994197,-114.28717247843734,-20.03020114978937,1
267,467417.2424648533,-6050.441637701104,-6596.7032632070195,504.4476943050418,-219.79500697872652,1
268,21542.584787370404,3370.2794100598317,-6172.812352739754,-77.17701050845791,-57.8214132088579,0
269,19975.06605412644,1585.9261823744682,-3504.1400780635254,14.710057677714307,-89.28695396403502,1
270,25468.378453676105,1384.0606495746679,-3580.634118692892,54.538289339132184,-48.39166969508273,0
271,15921.928499480657,3361.633387329571,-6098.533321413228,29.702507349961348,-105.69309598451237,1
272,55472.35432006132,1548.142003234604,-2822.410508585846,80.03696929486104,-140.29212800632322,1
273,8286.813346544832,2536.2498910906784,-5244.351742126967,-21.40294589200756,-118.07676943787502,0
274,2914.816344162113,1302.467061996425,-2328.797890806085,-55.99508021174037,-87.08587134834347,0
275,9634.332722116666,2617.490691026222,-4968.773393707662,-107.94657603952432,-178.7270252737481,0
276,33431.88606903899,2455.8857576283553,-1617.0356748118927,-293.2472100973014,-272.01561021801325,0
277,61737.54049723914,621.3262633912445,-4258.395157330293,-92.3974616414137,-6.275619648756573,0
278,25732.76224546317,1052.5643724871738,-3175.3896404699385,-75.82616049801673,24.5080000900369,1
279,2680.939327288299,4266.5219801656895,-7478.806240031241,-114.50868722372454,-108.69954035698352,1
280,9133.592692414715,3178.3997478551323,-4793.940264321896,-183.24565352887112,-244.8721967962568,1
281,1944.647013139147,3850.565832253687,-7335.480579183882,3.538590978600546,-56.1395459981564,0
282,9850.879673548157,2600.0949515115385,-1743.1434269271374,-206.36160595730112,-223.8123881770559,0
283,53970.46108324827,823.842258806214,-4606.876713683828,-105.62585655854173,-0.1484201429333942,1
284,3637.294641309862,3873.7708673241436,-6115.522500468098,-116.05301820608113,-139.2229750339089,1
285,8385.379678940471,3800.4651768284098,-4272.868133553863,-211.51778234421997,-171.85092109928792,0
286,979.3096346842492,1118.9183157283312,-2283.9858781728026,-61.35482862876765,-51.78482400395183,0
287,73061.30881147362,-1089.713431371184,-4014.693146967921,-144.2056428842429,-128.44495209035324,1
288,40938.630902332705,2418.083058266786,-6455.377920870785,-104.82964316742883,-0.7449025014564079,0
289,2169.744187052099,2967.151034021661,-5391.030153963003,-82.22260082624287,-118.96546938946139,0
290,36751.89331106546,2092.546750443906,-3868.5683193226746,-225.2831905092514,-140.8502848944451,0
291,17781.036792443647,2920.559113252318,-4785.195010074982,7.077460660242055,-105.43794692991175,1
292,9603.74041358699,3580.1295532265713,-6010.043913196902,-116.96462311046476,-315.7405641759328,0
293,82131.46202015666,666.3096456828084,-3981.220486871586,-130.50458463035932,38.75676789645754,1
294,9762.255902823606,4849.395488936004,-8282.897925916777,-92.36933826208825,-253.76853929964253,0
295,4832.711474576723,2311.553059547069,-5018.814692695374,-29.169014125792437,-14.435440382471294,0
296,86876.49208135171,1247.965854376291,-5432.687868274809,-121.87594460831508,45.02524412446617,1
297,36573.59704674958,938.8636645577567,-4625.753958045179,-84.15706685813753,38.37151006460921,1
298,13150.572392904562,3015.2042982253,-6688.2442854254,-134.9632685301522,-139.85289478687602,0
299,15613.380508317783,3661.1214912292253,-6110.9328890744155,-168.50489366377917,-127.51471276676126,0
300,5518.14183113282,2577.0097850871316,-4635.71284761742,-11.190081718371841,-92.63126655338661,1
301,43743.158672490936,948.3362765119333,-3311.65405220952,-117.60768480574032,-113.23126030819925,0
302,1794.7859016088241,3168.5624255371004,-5941.824664518111,-46.28469427296427,-128.94493245131767,0
303,1072.2529179756061,1804.3011829743164,-3614.191019894434,-74.23770971664779,-71.02004676170203,0
304,33860.099165261,3275.581989691637,-9706.236946112895,-86.17624078353134,-78.64762778728543,1
305,2694.5697229807606,1661.5328225727437,-3718.2070537667964,5.594464955552724,-42.39131029869384,0
306,20464.072707587853,2730.644226165015,-2617.496454394865,-30.521014601800005,-250.4572271667169,0
307,22740.976248847142,730.5140338801056,-3112.4183022126713,-190.86684007381658,-202.6271947086974,1
308,17728.43147414662,6542.191488677505,-3593.0495386337197,-141.71465858252213,-50.676729439802884,0
309,7248.181126556118,4056.5181530019386,-8203.204170737505,-0.6665271322634438,-35.29395715711487,0
310,51830.665636431746,1045.5992654866077,-5771.592358911182,-103.5311376571989,21.63144600672818,1
311,31848.736370169932,1617.1444113747577,-2668.7555329295797,-31.784641254452527,-258.6724716225748,0
312,21841.07551394858,2620.068392995802,-5017.421928899112,27.036210357211566,-127.60902211995285,1
313,95814.1665877688,3145.3977667148674,-6165.21031175818,20.208984466406253,-313.51936585559497,1
314,6575.928858251581,1600.2893104492084,-2900.549821319592,-54.64156118291916,-171.18837388837994,1
315,129735.68374552808,6341.592147246132,-5607.279722750591,-400.8984210101324,-221.28524590634356,0
316,4486.0133562844485,3154.1026033589096,-6470.43402403903,-21.43209510827463,-38.48207474210659,1
317,7140.676753901683,4107.997866890111,-7575.470978056189,-71.27762130159144,-31.254719638449902,1
318,52948.599969091265,1703.1696203488755,-4267.059894926232,55.150838799023404,-157.8774474102711,1
319,24779.651615183153,2693.4132030088444,-7496.149585051383,-63.86835920740316,-53.36878973819326,1
320,29078.9749684957,823.1186063447004,-3724.660508910634,67.33819126457306,-74.65674242102126,1
321,23950.23415693039,2373.982808214474,-4016.7126910249385,-68.77550822595336,-26.94720488055269,1
322,92581.59943914815,4694.554047094463,-3977.7989945511176,-305.5125206922697,-141.72212089443812,1
323,7135.366964124694,1751.13261603251,-4048.479612701242,-165.75878172674157,-194.5017605019756,1
324,24992.629043742698,1367.2384219753603,-4990.557531530529,-65.32104719684801,-9.280604909434528,0
325,22890.0332805412,2496.904151142014,-6189.463186570203,-2.9122925140191507,-180.27230725744542,0
326,7723.642201542419,2116.951964177854,-4493.090567373638,-94.42469098090126,-153.6714708749832,0
327,18899.78846008222,3083.8528534674733,-5538.412353894687,-21.483438081994446,-84.45026511159968,1
328,2241.2066165806177,2516.7692335089114,-4911.044206230977,-100.18937201309228,-126.83412471485634,0
329,2291.3604652476115,2494.3021963784972,-4824.062682665221,-49.42274979903774,-47.907759783336445,0
330,113.62009640225698,1992.2410153029227,-4147.636002103025,-5.299636057673183,-3.8342473467162863,0
331,27216.222380232182,2243.2980167215424,-5820.3852124792475,-70.95338559642074,-12.989314152071021,1
332,27442.213860953372,2430.8911025189673,-3842.8507179911358,-4.910373832912193,-187.77325392640788,0
333,1324.076651522605,1992.0786109460569,-4111.48538259436,1.9951048116572276,3.6792284765218115,1
334,34677.79632514167,1962.6330835151762,-3114.1394896158918,-178.2770326934417,-88.25450522667072,0
335,24334.521779585513,3328.2155919043653,-5588.668687563671,-36.29079795806964,-248.60564606799835,1
336,255.45921113826546,1265.5392533047684,-2482.862548857357,-27.43935398822743,-39.83801116338494,0
337,6157.717440441404,2914.433517757876,-5699.684573445887,8.495588837192429,-66.59835395314792,0
338,6929.805290762406,2751.4634822924177,-4740.271050399888,-23.440256287613984,-91.89030109478021,0
339,44291.42220854002,1741.206449550714,-3666.760978456654,-16.955684320611137,-96.7724898510172,1
340,1624.3273141321204,1982.990441507528,-4095.677260693341,3.4189702305804617,-13.380836870715049,0
341,9944.405621522794,3043.3611213605814,-5296.177521792956,-103.6168057135668,-275.37840043317266,1
342,10178.797965679898,3796.1396901686317,-4673.5473643134665,-101.19885567952346,-34.473035227501505,0
343,14681.410160068846,4330.388605345386,-9757.233401237612,-126.9008757401549,-110.11246213864224,0
344,6842.852485655067,1814.454151076293,-2363.6618236614663,-7.753903934653575,-118.72141147406762,1
345,64692.760889933576,7710.361128108273,-2553.4601462847513,-100.06918936779982,51.47771152217478,1
346,32044.09443175534,1235.2135519128353,-3036.1289851335523,-7.012114038259363,-149.90504211276496,0
347,3227.7430341917393,1315.74293015384,-2960.18143009577,-63.12653933540072,-70.80104650789708,0
348,249743.87672098956,7217.027856034009,-2171.7518073258393,-142.70217522487155,110.86646430730677,1
349,49444.949999303455,4219.318508241903,-2534.1572099432287,-104.6985138494796,-10.265655280343651,1
350,672.0712563291945,1724.7711726687983,-3629.0205060872127,-6.11990525177552,-40.70000753245011,0
351,13404.64708616166,5474.679954010197,-1669.2852850720085,-230.39141595748495,-168.6619342358217,0
352,63103.134078479816,409.2824643060257,-5505.714943721317,64.24423220585794,-97.25728745732778,1
353,3175.986061393088,2020.081358855681,-4258.567807798118,-14.486629554258826,-47.89476574903156,0
354,47183.44898960428,4419.595128295612,-1541.0271128960562,-162.02147670579407,-36.96793548349188,0
355,12846.940862087868,2247.1071824274604,-2251.3721004593763,-48.67608983901475,-127.19421543999002,1
356,35435.056496847916,512.3150161552998,-4211.070864096096,-105.80094554643064,-67.49411539110534,0
357,97976.03230757629,921.491275142228,-4492.7490651091675,-226.5540562371824,-88.45517423021194,1
358,80206.14913006619,5329.302572462923,-3123.2606488235247,-311.3149651449684,-157.35692918974684,1
359,41144.89151730353,3055.840969824066,-5278.041396951313,-117.45898719666047,-4.874308279764114,1
360,75950.26797173415,4813.87211947038,-1872.0908440977998,63.332592743388155,-246.820166717844,0
361,24161.782246149247,3805.198204940307,-2891.6242319305816,-321.3982626443468,-274.4996670904094,1
362,131323.32704551917,8181.995408722939,-782.1342941322152,180.64146507325472,-258.44844082131647,0
363,10829.84817287217,1972.8865299048082,-3511.946599221073,-113.80559166386382,-102.17829591483358,0
364,30030.35796947954,3965.4532648644176,-7217.712513321473,3.7646189403614874,-197.18735313103102,1
365,59879.08898008364,3070.22794292201,-3595.8551150082376,-116.5945723125995,10.570167395200057,0
366,2912.4021274808074,2538.0156442340713,-4848.344246971935,3.6925903924859402,-60.63967891670903,0
367,35839.108254963736,1319.7968637668243,-5138.511665639386,-89.1313893109699,8.693215645865518,1
368,23398.97375657906,4880.24532430598,-4028.4146026073604,-26.066252031347712,-255.7331077391618,1
369,42631.472561773895,5030.6677528012015,-5726.3967505193295,-136.30820698512764,-43.98972436617976,0
370,12489.885499287435,1979.7816249272767,-2066.4175505067697,-0.34567339549711634,-151.33972518304986,0
371,10691.082607067121,3972.0077917802732,-7761.146229223113,9.529266033636716,-69.91996865153732,1
372,37901.33046367909,2648.708540107214,-5334.134602725336,-121.11329043816167,-1.901719696692051,1
373,51734.82339821612,2738.30481258985,-3706.728812933631,-115.75083671648355,-5.854561382467313,1
374,1231.791065080707,1895.71666017546,-3673.043484143487,-62.44532099805944,-103.09198901833305,0
375,56936.82203339198,401.0574497980127,-5624.794506333467,-251.23725926897325,-248.55258150202832,1
376,17685.250642295352,3201.769262940055,-3488.1266920265457,-118.33096760193929,-39.869829042570785,1
377,4022.405788066164,2827.218990759014,-3698.8597444947504,-53.494056546792805,-121.66273981843811,0
378,7245.9391922320765,2640.141251770206,-4974.63136348519,-40.966618222081635,-135.14622423649766,0
379,59670.586739714265,-92.29724297206123,-4389.598486487361,-70.50516541116646,-143.11644346932206,1
380,87610.86919005112,4121.506975581089,-3200.101966790571,-292.588070146545,-145.32351169527817,0
381,43170.58993794087,1649.9469244412567,-5065.015483029489,-241.50940231110866,-174.8970161679709,1
382,3410.884210383442,3250.3468822173068,-6500.181798682311,-135.16516807692028,-146.79262659113388,0
383,66536.84493897804,6206.578692596021,-8047.122750916008,-40.29116019979247,-290.87417498595687,1
384,36874.03390923496,5572.122161453939,-4127.31561851155,35.96634434399292,-153.46364865249458,0
385,5669.168097457302,2749.221064529844,-4389.034224243556,-104.62272201454563,-89.2609653877211,1
386,23511.450459055337,1630.0344908250959,-4712.176439407323,-197.08558348252618,-165.78447128433592,1
387,253.35693076904056,1874.5354133853066,-3574.8900522612935,-14.262609012345187,-40.9388840345998,0
388,6698.518181934362,2434.3083570770887,-4568.33245961114,-66.42793491830088,-40.45332784178009,0
389,19687.400423132432,4432.008628663773,-2406.8165953204125,23.778966404607598,-144.74105795188967,0
390,2338.478127601479,3743.499828640714,-6928.099854830306,-14.662918762399318,-56.68801460132932,1
391,2662.1937612003712,2322.841474215394,-3637.3536321543847,-121.73133961928808,-121.22393377087246,0
392,44708.22364591155,9337.406325038013,-3794.4577358468696,-204.0390529841069,-116.4886262113985,0
393,48494.27340893775,7038.998906941407,-2206.082185163702,-122.54667880802684,50.474603301527836,0
394,34221.62955940053,4233.319460568885,-4561.812552843481,18.686992166227654,-222.68886231804768,1
395,17373.051358315057,4460.084247700031,-3822.7034137229252,-260.57771219501507,-198.54910383374025,1
396,34373.75149552838,3591.043204412373,-3750.0222302670513,-196.7120991598918,-115.89674882457848,0
397,14902.17321006286,3400.516637581431,-2878.630077151531,-259.2681698071868,-199.92121998424312,1
398,2748.911221806533,3770.6478269448016,-6887.413681765883,-9.817329509041345,-61.52100258048391,0
399,7317.09394595795,2157.5886322542992,-1940.0256390575348,-47.050976195791684,-195.55641010159397,0
400,9381.672677452012,1371.367200330048,-3136.1298225821797,-80.98668778977303,-156.55054365965765,0
401,3028.094042254333,2066.65038777206,-3898.3065621939286,-78.79314634461466,-73.06806256057348,0
402,33406.17806897334,614.1774915691277,-2849.086816013731,27.36659168929173,-140.20368089641016,1
403,4790.189246127304,2643.395719692323,-4590.59097318282,-58.483606703350766,-38.07351740382596,0
404,119.19711209443663,1890.8150396058202,-3799.831392260818,-7.0296538023060124,-23.35005214840855,0
405,51653.891638299225,4094.858722120438,-5908.659974098396,-211.54214539262483,-67.79172238223322,1
406,28950.69291824314,4953.497516387017,-3251.71355903486,-2.4002048656933623,-235.7591415511406,0
407,12265.9679798978,1521.442162921708,-3008.5646670611,-3.2553163683999276,-78.1457393227183,0
408,7001.273724717664,2455.835488162301,-3294.528897792105,-69.06007218848805,-69.84006149560447,0
409,75917.39617080688,328.874368900348,-5216.769405312848,-117.12906033564744,21.314790292349954,1
410,20374.716418908458,4296.7813864117215,-5032.469130131505,23.62121082959841,-111.87264284148092,1
411,4820.971589366961,1989.4388620750344,-2098.0334818561587,-112.25347404202645,-78.34331024959499,0
412,294311.41809746914,6120.313317739138,-1404.8472050503633,307.1384705336202,-374.1109550637754,0
413,56006.14155004577,2536.4997945266737,-6979.91363031582,-204.05006898154124,-93.69625747836912,1
414,2797.9827707064287,2143.9745901403603,-4047.283177386421,-94.2098852036432,-154.74941898173861,0
415,81066.55065933517,1075.491918756419,-5984.278018918648,106.63740387688294,-193.9958774955317,1
416,4308.829580447656,1905.6046714382207,-3025.779006910204,-147.575206665082,-141.37148488327662,1
417,66928.1374456742,2686.6477914166217,-4518.36318509753,-227.6230159043361,-77.33008433184459,1
418,11878.957623436532,3223.0357276924233,-6605.994508395361,-89.82608703576567,-230.82114210708352,0
419,721.7626934521536,2249.7769362935005,-3547.70211674631,-28.111961459411855,-67.5352501262224,1
420,10551.073700173994,4760.778459863616,-10284.434541283254,30.213232288122125,-49.89214653451431,1
421,52733.45333495901,4805.091178011031,-3782.166076035985,-114.53080444369428,9.889712847078739,1
422,25828.595073989334,2064.423072974631,-5092.550120472661,-52.81812963380987,-58.73539624392947,0
423,3074.9986408582236,2812.062455597566,-1412.9652685704834,-70.22392493444472,-106.08143802831124,0
424,24332.61001108429,1361.3903611203557,-3185.257527356631,-28.76700395521447,-209.09085057056086,1
425,72302.78398309778,5015.885107256603,-3437.8283668252166,-133.7224468402952,4.5650537579966475,1
426,98620.98822914092,6815.497346669266,-5099.472250636673,91.99642630033719,-275.2657550225643,1
427,7330.566944031942,2254.2158501312597,-5087.986890677088,-109.6679292570594,-150.53413111859308,1
428,27736.272407487533,2602.859646062421,-4003.474871432424,-295.23972716843355,-237.75040103064288,1
429,1299.1352850909361,3197.460325127344,-5841.415457805854,-73.52751406572187,-77.49152468426719,0
430,22151.04365664746,1123.897936948343,-3948.1145647351573,-39.46584335892793,-12.284478620145485,1
431,7190.421404894113,4113.277854331991,-4666.424473679763,-74.93584245784976,-45.939325712420356,1
432,66275.42809868918,2739.9384535093727,-6150.2290222473475,-174.2472854150647,-31.09708346249923,1
433,4619.160496926894,2008.5957703246934,-2633.896999675868,-93.78255970845336,-209.69158565264888,0
434,9752.078838339137,2301.5995200144057,-2731.7251401709186,-18.646629809339487,-149.86150058968607,0
435,1084.2671823146243,2006.9769814396132,-4000.497275237303,-33.75454502332175,-97.97991104386544,0
436,31020.653585961463,6366.671839724575,-588.9742749238577,-73.60402596184132,-30.44592247232916,1
437,11563.153440011216,2346.5792966421704,-3341.9809073641363,-219.5889594700657,-282.3736083260665,0
438,33022.5955357742,1825.8705507068928,-2580.7791976330805,-132.03138941983133,-427.80942540251306,0
439,21138.547867966514,1741.3292431111868,-1987.9582163596124,-30.206694778774242,-117.92840705471845,0
440,89756.5370874421,6325.620620474278,-780.575703148815,127.4406923771106,-210.3940325712456,0
441,1462.547837712649,2811.667337599505,-4844.933300193595,-28.869272801896873,-81.48871537174361,0
442,72196.5579067881,6965.055376151322,-2035.6144641834967,146.92202782425798,-132.25381334332843,1
443,86754.26224292071,6225.370175873882,-3136.2401065291465,-96.68146817091615,75.60432417146521,1
444,2800.09352300093,2773.256861697205,-5709.035051329761,-86.44173285549975,-163.96871491935198,0
445,66671.86120150404,3968.497863004973,-2051.2689082969264,-172.22768983181402,5.787569353469272,0
446,120928.36400918374,4284.07809380952,-3961.157405967301,138.37170322360836,-179.00306991920633,1
447,466.39844460136965,1550.3446274198159,-3196.505178735376,-27.424753608148652,-69.88845145280358,1
448,200223.221456506,2986.185454885549,-5348.090731825855,-375.41036469644223,-167.01930450969877,1
449,39416.13658873649,3818.772988698431,-2560.2781628662615,41.18192481653847,-168.2321241568197,0
450,4327.170765508511,3595.2323405358484,-6935.937393905123,-47.937403237387,-23.741948438240478,0
451,20762.051030253988,2998.6257750637283,-5568.581941330182,-66.14116449828902,-269.81800164208613,1
452,50934.867861070124,455.4708836114787,-4263.572103322715,-135.92372874066632,-106.27065352389135,1
453,51882.43260322074,12120.755655656714,-3830.857493606157,171.87198632790867,-66.78238764582701,1
454,38799.94596439768,2048.22549633339,-5664.174231603745,-116.82748167296968,-64.57251136208329,1
455,9209.4724226403,1916.4700403699353,-3658.492405300457,-9.676222097852504,-119.25914868646676,1
456,32337.97177049062,5198.956046676181,-6999.691744943566,11.546497850999987,-198.00442665082244,0
457,8167.379127800212,3012.734940674531,-4032.5855687513485,-144.3037254453895,-252.0519980126178,1
458,21685.321307107784,2131.6562836986486,-5921.148970859829,-57.5890369745015,0.6943835718819988,0
459,46859.073307960985,4561.201340841703,-4023.9629268928793,-141.06690958979547,-10.170976834463055,1
460,59102.388897033794,622.6562514779017,-5130.25996236977,-89.85520126601648,12.830034523969738,1
461,26689.915367248686,3710.3781596631807,-4357.2100343790335,-143.07639519023414,-37.10899650995194,1
462,5733.4048253594265,2059.6651551196724,-3736.654336587173,-7.052462742902274,-67.12631656357944,0
463,82153.68040962143,2125.388790531743,-5136.095407907599,74.35825170367734,-226.45197356279556,1
464,35703.34153044236,2684.897052847803,-6109.374816485359,37.27740545700761,-169.40261995407556,0
465,40710.39452957811,3470.9786162863766,-4978.958851221776,-408.3438414966618,-337.4070254348716,0
466,45506.69222828337,1082.5570978750338,-4856.776868481466,-94.36427177585477,22.70318894045204,1
467,858.0695962334956,1892.748648977465,-3257.367097620093,-22.108998347834625,-51.60339806723936,0
468,7310.871188466553,2910.3030091112028,-4081.3977846216426,-181.1980067429109,-170.9873969222235,1
469,18947.862628153736,2854.616382355233,-5685.305915759876,-111.39217070151821,-121.3549089678024,1
470,96163.84445610449,603.9703181693346,-5616.816905306213,-136.38902795167743,32.07298768088275,1
471,19504.95870546831,6544.82845809148,-1413.6452993495934,-108.71285461374922,-25.917582066706537,0
472,5038.733508932226,2338.3667550146383,-4940.232350128891,-31.722319619338414,-32.0296644495595,1
473,82174.2665628892,16502.09466701897,2078.0954228147557,-65.8746351435036,224.0083993982534,0
474,76777.74672267275,2517.935192149544,-4262.5629672079685,-121.83733378387049,-49.191736950551814,0
475,21342.915597384257,4729.64428824466,-5246.914682308347,-35.137586199334436,-271.3143710292412,0
476,20846.3348877403,1373.6884346240327,-4210.311967607761,-143.3516621757711,-127.33117196617137,1
477,2675.393351405069,2212.302100115055,-3393.0159957596143,-110.49209425348155,-134.87970591262456,0
478,5460.719465045999,4131.067145881091,-5705.826155718507,-63.40132546410717,-213.56399602066892,0
479,130615.37550279203,791.9895754581815,-6480.684504830725,79.40713501214492,-320.72002810350733,1
480,30273.006343155994,7231.733347077139,-5576.357690461506,62.825524955381184,-141.7106267053651,0
481,4178.8502339431325,2222.2435584302366,-3961.3101052477355,-20.371210471129444,-105.1672590062079,1
482,10423.055881032657,1614.2537068746847,-3699.2476309840936,-41.93767551553024,-131.4841492287116,0
483,46790.57189130019,105.07953950910486,-4405.056112943621,-16.291254897947,-37.559505862506946,0
484,61005.75948990593,2875.273444174006,-4273.794552706224,-211.99803907374272,-159.96580638631568,0
485,15469.437837792317,3126.7847241367576,-4046.035738904373,-1.2012275455829369,-129.3021765500318,0
486,38069.50687503379,3940.509359509257,-4835.694728395618,16.46101183310518,-231.73521953676016,1
487,78909.11331573066,3465.427296563953,-4170.611436175451,-208.99734275881403,-86.83146384071568,1
488,44162.16334662572,5264.069007694792,-2585.414616009833,-219.7575992782573,-119.46319505742485,1
489,4570.469628216931,1527.4147720507171,-3413.0856733640394,18.63026791046038,-38.375610925400956,0
490,8107.907061821813,2106.675492296649,-4600.983538793493,6.77032384634721,-44.432033412549494,1
