150,117,103,102,109,113,123,135,140,143,146,151,154,148,141,136,133,131,132,134,135,140,146,152,156,158,158,160,159,158,1
200,206,207,218,229,240,255,270,274,270,263,263,276,285,291,301,306,308,323,339,343,340,338,339,345,370,375,376,378,374,1
102,112,118,120,119,123,125,121,121,120,123,133,147,164,166,163,156,152,156,160,162,167,170,172,174,176,179,186,179,173,0
174,178,181,185,188,189,188,188,188,188,188,187,187,185,184,184,184,184,182,178,171,162,158,150,145,137,128,120,115,106,1
188,184,182,186,197,207,210,212,217,222,221,219,215,207,201,195,195,201,214,219,218,225,231,234,236,235,235,235,235,234,0
229,238,247,265,273,276,277,263,263,266,265,257,246,236,226,205,183,175,173,175,176,176,172,165,166,172,174,186,202,208,0
228,231,222,216,215,215,213,212,211,206,207,199,186,172,160,145,123,102,95,94,94,93,92,89,96,94,94,94,95,94,1
102,103,106,107,107,105,103,99,98,100,106,115,122,131,138,144,156,163,166,163,153,145,148,153,168,177,185,191,195,207,1
191,190,186,186,183,181,182,181,184,190,190,194,195,194,194,190,193,195,214,225,231,233,232,229,231,243,249,253,254,255,0
150,162,174,180,178,184,185,194,193,186,182,174,172,167,166,164,165,166,167,164,159,160,158,158,153,154,151,150,149,150,1
138,147,156,165,170,184,202,205,204,204,203,199,201,202,202,202,203,205,210,214,195,193,215,231,270,281,290,297,299,299,1
312,312,312,311,308,302,294,285,281,282,283,285,283,274,268,263,254,247,245,246,243,238,233,227,218,202,190,185,184,188,0
106,108,109,110,110,111,111,111,110,111,116,124,132,135,134,129,134,140,144,152,164,171,173,174,175,177,179,180,180,177,0
260,260,260,260,261,261,262,264,266,268,270,272,274,275,274,273,272,269,269,269,273,278,277,274,268,262,260,258,253,246,0
169,156,142,139,122,106,84,72,64,67,77,85,89,94,96,101,107,110,115,120,121,123,124,130,129,131,130,126,132,133,0
150,151,149,146,143,143,144,145,143,141,139,137,136,135,133,131,129,127,127,128,128,127,125,125,126,126,124,121,113,109,0
109,116,119,121,122,122,126,129,131,130,125,125,124,122,121,121,124,127,125,127,130,136,144,150,156,160,170,180,186,196,0
109,108,107,106,106,106,107,107,107,106,103,102,102,102,104,107,108,109,108,107,107,105,103,99,95,93,94,96,99,102,0
362,354,346,327,275,267,268,254,244,240,242,241,243,243,238,231,225,218,214,213,214,214,218,210,195,203,207,208,212,217,1
144,152,150,162,175,183,192,204,215,231,256,264,263,264,267,268,277,275,268,261,249,239,226,219,206,197,186,178,172,166,1
195,192,181,165,139,133,125,126,136,143,152,155,159,157,155,154,155,158,158,160,165,169,169,160,147,146,147,146,145,143,1
174,174,172,167,162,158,152,148,151,155,163,175,191,207,214,217,218,216,215,217,214,211,205,199,198,199,198,194,188,187,0
174,176,175,176,179,187,190,190,189,189,186,187,194,196,193,175,171,176,184,184,179,173,166,161,152,144,139,129,118,111,0
196,196,196,196,196,196,196,196,196,196,196,196,203,196,174,164,169,168,151,148,152,164,164,164,164,164,164,164,164,164,0
145,145,146,147,149,150,151,150,150,150,152,153,152,149,147,148,149,148,148,149,151,153,154,154,154,156,157,158,161,161,0
239,241,248,253,250,247,239,226,212,204,199,196,197,203,212,220,223,219,214,204,204,217,229,237,239,224,215,211,208,210,0
119,116,125,128,137,143,148,156,161,164,146,142,151,161,168,179,192,202,212,218,230,246,257,262,264,266,265,264,263,252,0
141,138,137,136,135,135,134,132,129,129,121,107,99,95,94,94,93,92,90,85,82,82,83,86,91,98,104,105,103,100,0
131,126,130,131,140,144,150,153,156,166,174,186,189,194,189,194,206,222,234,251,259,264,265,269,274,277,267,266,263,260,0
166,165,166,166,169,168,164,162,162,164,164,164,169,173,174,177,184,192,202,215,229,243,262,270,295,311,315,311,306,304,1
149,142,138,135,135,133,126,118,113,110,108,107,109,112,121,128,134,149,161,167,167,161,150,135,135,135,135,135,135,135,1
145,143,140,139,143,148,154,161,166,174,180,181,183,180,187,194,198,204,206,206,205,203,207,215,222,231,238,242,244,245,0
169,176,185,193,200,209,224,234,243,245,244,239,225,210,202,195,195,182,155,138,132,130,130,129,126,126,128,130,134,135,1
159,162,164,167,169,171,173,174,174,176,178,180,180,178,174,170,167,165,168,171,173,174,176,178,181,185,185,181,175,171,0
167,166,168,168,178,187,169,164,167,163,160,157,155,150,150,152,146,130,132,139,140,139,138,139,140,144,154,158,159,160,0
72,72,71,70,67,67,69,70,70,70,70,71,72,72,73,73,76,81,85,89,91,90,95,104,117,127,129,125,126,130,0
114,112,113,113,111,110,112,115,119,124,131,138,146,152,154,149,138,136,135,136,126,114,95,75,66,63,63,74,76,78,0
269,259,252,247,242,235,232,225,218,218,217,210,211,220,220,212,222,234,238,226,208,199,188,174,170,170,171,174,177,179,0
188,189,190,193,193,194,186,170,163,160,163,172,180,182,171,160,152,148,148,149,151,154,158,160,156,145,141,150,160,163,0
382,388,400,400,400,400,400,400,400,400,400,400,400,400,400,400,400,400,400,400,400,400,400,400,400,400,400,400,400,400,0
242,232,227,226,232,234,236,249,252,221,201,198,169,164,167,172,177,165,154,151,150,146,148,156,159,162,158,154,150,149,1
197,200,204,207,211,211,212,207,202,200,195,192,197,197,207,213,214,213,216,226,238,245,248,247,243,238,233,237,250,262,1
143,135,128,129,133,135,139,145,152,161,168,174,179,180,179,180,185,193,199,205,212,223,229,235,239,240,241,230,219,208,0
77,70,64,60,61,65,69,73,79,89,98,113,126,138,152,171,180,181,179,175,174,176,179,190,193,192,191,192,191,193,1
214,199,181,164,150,117,103,102,109,113,123,135,140,143,146,151,154,148,141,136,133,131,132,134,135,140,146,152,156,158,1
171,174,180,188,192,195,195,197,197,197,197,199,202,208,215,222,231,236,239,239,237,235,239,244,241,242,229,218,208,196,1
214,210,202,195,187,176,157,146,139,139,147,157,166,173,176,168,164,160,154,148,135,122,114,110,115,121,125,128,129,120,0
95,92,89,87,97,103,104,103,101,102,106,104,109,112,112,116,120,123,127,136,144,148,152,152,157,162,161,161,159,162,0
400,400,400,400,400,400,400,400,400,400,400,400,400,400,400,400,400,400,400,396,398,400,394,381,364,357,356,362,363,364,0
321,342,335,336,329,319,310,302,293,296,276,263,263,237,220,210,199,185,178,180,190,165,142,128,120,115,116,125,128,134,1
193,200,212,220,227,232,229,225,218,212,205,202,199,195,189,180,170,157,144,130,117,107,102,99,100,102,103,103,102,100,0
208,215,212,206,203,196,190,180,184,180,177,186,194,205,207,220,200,194,196,198,200,201,211,215,217,216,221,221,219,209,1
226,224,228,222,214,206,199,194,190,184,176,169,161,149,131,123,118,121,124,126,130,135,139,141,143,148,149,148,153,155,1
134,133,131,132,131,132,134,139,144,151,155,155,157,163,165,165,166,167,172,177,180,184,187,186,183,183,182,181,184,192,0
217,221,219,217,211,194,187,185,187,178,167,159,154,149,150,156,162,174,184,189,191,199,201,200,201,201,207,207,204,204,0
121,137,141,142,144,142,142,141,139,138,137,135,133,131,131,130,130,129,128,127,126,125,127,129,131,132,132,128,126,129,0
80,86,93,96,112,127,139,143,138,139,142,154,169,183,198,213,214,215,198,180,154,142,138,133,133,129,134,145,146,162,1
179,181,182,183,183,189,198,204,215,222,230,236,243,253,260,273,283,292,303,310,316,325,335,341,343,345,347,347,349,351,1
164,163,159,164,169,172,182,193,193,194,195,179,170,167,173,178,169,157,151,155,159,166,171,161,158,156,156,159,164,174,0
92,90,91,96,103,105,103,94,90,90,90,90,88,87,87,87,88,89,89,91,92,89,85,83,80,77,79,79,81,83,0
209,198,192,188,197,197,190,174,164,151,145,137,137,137,128,129,131,127,117,121,128,130,132,130,126,115,130,139,143,146,1
222,224,226,230,233,234,239,229,221,215,208,204,197,192,186,179,170,161,147,134,130,130,133,137,138,136,129,125,133,153,1
159,162,162,159,152,144,146,151,166,175,180,183,186,185,185,181,177,176,160,152,143,141,130,121,107,94,78,71,68,72,0
101,111,119,129,135,135,137,136,137,141,136,134,133,128,122,118,124,135,138,138,130,123,126,137,141,127,114,105,89,86,0
274,272,269,267,259,249,242,231,220,204,186,167,150,136,123,112,98,89,79,72,64,59,53,47,53,55,56,54,59,65,1
153,154,148,141,144,148,154,162,173,190,196,198,200,206,210,215,218,216,207,198,188,186,185,183,178,176,181,187,189,190,1
113,116,119,116,125,132,133,133,133,133,128,127,123,124,123,120,116,113,116,115,117,121,126,121,117,124,136,136,140,148,0
141,130,121,111,101,91,78,66,57,53,49,45,41,41,43,48,54,62,72,84,99,118,132,147,158,160,161,163,152,149,0
88,88,89,88,86,86,87,93,95,96,99,108,113,115,119,124,128,131,134,135,133,131,128,127,125,120,122,127,133,139,1
150,148,148,146,147,149,149,146,143,137,137,137,142,148,154,162,173,186,199,205,209,212,217,220,215,212,211,207,202,195,0
207,202,212,218,230,238,242,254,269,273,274,271,267,260,262,267,287,295,300,318,300,280,275,250,226,215,208,201,203,216,0
136,134,132,131,133,140,145,146,148,156,163,170,183,196,208,220,229,236,243,246,246,247,243,237,222,216,208,198,187,167,1
255,251,244,233,226,211,193,176,162,148,136,128,122,116,105,83,66,57,47,49,56,60,75,91,105,120,136,157,175,185,0
168,180,182,178,171,160,145,138,132,120,127,129,132,123,104,100,107,106,123,128,137,147,145,142,142,142,142,142,142,142,1
85,86,85,84,86,91,93,94,97,99,103,107,108,108,117,127,139,146,151,155,157,159,159,159,161,160,158,159,153,144,1
159,167,177,187,195,201,206,210,211,211,212,214,221,226,225,225,216,204,189,183,183,183,180,180,181,181,183,183,181,177,0
49,54,54,56,62,66,69,76,79,88,95,101,115,130,149,152,145,140,152,162,168,178,197,211,217,215,218,217,223,237,0
155,154,155,155,154,151,149,147,145,147,144,145,134,121,114,107,97,88,83,79,76,75,78,82,86,87,86,87,87,88,0
148,150,151,154,157,158,157,159,160,161,161,160,158,159,162,165,167,166,164,165,173,183,192,200,206,211,193,185,181,173,0
198,186,169,159,152,140,128,117,109,104,101,99,94,90,86,82,80,78,75,74,72,70,70,71,77,80,81,90,96,99,1
111,102,98,95,93,93,94,96,99,101,104,108,112,114,113,111,105,102,105,107,106,99,89,77,73,76,81,85,89,90,0
97,96,98,100,103,106,111,116,120,124,125,126,125,125,128,128,137,142,146,148,149,153,165,171,173,174,175,177,181,177,0
187,186,179,164,147,132,111,95,87,83,82,83,86,87,86,87,88,91,92,92,92,92,107,110,115,118,118,114,111,110,0
180,184,187,191,193,195,198,204,207,203,201,192,184,176,166,159,148,144,130,118,109,99,90,76,65,57,52,54,61,67,0
163,161,162,162,163,162,163,162,156,146,171,180,177,170,179,192,199,202,203,203,203,203,200,194,186,173,174,176,174,175,0
297,313,328,332,330,327,307,307,307,307,307,307,307,307,307,307,307,307,307,308,306,306,309,314,321,312,304,291,288,308,1
232,222,220,223,218,210,202,193,181,170,164,161,158,155,149,146,146,147,146,140,136,133,132,129,126,117,107,101,98,99,0
178,187,198,210,224,235,239,242,243,244,245,244,241,231,219,203,179,163,157,159,162,162,165,170,177,183,187,190,192,191,1
308,308,308,308,308,308,308,306,306,309,314,321,312,304,291,288,308,317,321,307,303,305,299,298,287,278,269,262,253,243,0
158,161,163,162,161,160,159,158,157,155,154,152,152,151,151,152,153,155,156,157,157,158,160,161,164,167,171,176,182,189,0
158,160,164,168,172,175,180,185,188,192,195,198,198,192,186,183,182,181,180,180,180,180,180,182,173,173,173,173,173,173,1
364,371,375,344,350,354,355,356,363,366,368,363,351,342,351,369,362,359,357,360,365,371,374,380,384,383,380,368,357,357,0
182,180,170,154,149,153,159,170,172,159,155,127,107,102,103,108,113,117,113,104,97,93,95,100,112,117,123,129,133,134,1
74,75,77,77,73,72,79,85,88,89,93,94,95,104,109,115,122,125,138,149,158,162,164,164,168,169,169,166,161,160,0
339,343,340,338,339,345,370,375,376,378,374,371,372,362,347,335,312,284,275,239,206,173,149,135,117,101,96,96,101,103,1
164,166,170,173,175,177,178,182,192,202,208,211,210,207,206,203,199,198,197,201,204,198,194,188,180,167,155,145,136,111,0
293,291,291,293,292,290,284,280,280,279,276,272,267,260,257,251,245,240,237,226,214,199,183,167,141,127,122,125,131,136,0
236,219,207,196,185,169,154,140,128,119,106,90,82,77,76,83,87,90,92,91,95,106,117,115,128,151,165,172,167,158,0
81,91,100,108,117,127,135,142,147,158,168,175,182,180,175,169,159,132,123,126,121,114,89,81,81,81,81,81,125,136,0
160,157,142,128,119,111,108,106,93,84,79,77,78,81,86,90,92,91,89,89,88,90,95,99,109,120,128,135,137,137,0
106,93,88,86,85,83,82,80,82,84,86,87,88,95,103,111,121,134,144,150,156,163,165,160,151,164,176,182,184,185,1
249,246,247,251,253,254,254,251,248,244,225,219,219,217,218,215,219,216,212,207,199,189,178,167,156,143,134,125,113,100,0
203,200,191,190,192,194,195,201,204,203,207,209,205,195,185,179,180,182,178,184,187,196,203,207,215,228,241,248,249,249,0
162,164,169,174,177,179,180,179,176,174,175,179,184,183,176,171,167,165,162,154,146,140,137,134,133,127,118,110,101,92,1
195,187,177,170,168,168,169,171,171,168,166,169,174,177,177,174,162,154,150,147,147,148,149,150,150,150,150,150,149,147,1
178,184,189,191,191,194,195,199,211,216,218,221,218,211,203,193,189,188,185,185,185,182,181,186,194,198,194,192,183,172,0
168,170,172,173,169,167,165,163,162,161,158,155,155,156,156,160,159,155,149,140,129,118,98,74,67,65,65,65,68,71,0
189,187,190,195,194,193,190,187,184,180,175,169,158,147,121,115,143,157,159,159,160,162,143,141,142,188,205,208,206,199,1
183,182,181,180,180,180,180,180,182,173,173,173,173,173,173,173,173,173,173,173,173,173,173,178,162,150,146,148,153,154,1
162,162,162,162,162,170,180,200,203,199,210,216,222,228,230,234,238,237,240,240,241,241,244,249,250,247,250,265,279,283,0
153,154,148,141,144,148,154,162,173,190,196,198,200,206,210,215,218,216,207,198,188,186,185,183,178,176,181,187,189,190,1
243,250,253,253,253,252,251,253,257,261,262,261,258,253,246,238,227,213,203,192,186,172,157,140,123,114,109,107,105,104,1
76,73,75,79,86,95,106,118,132,143,150,154,155,157,162,164,167,165,161,166,167,170,176,183,191,195,211,222,227,228,1
329,328,312,308,299,276,268,268,267,274,273,271,270,255,240,225,211,203,196,175,153,147,148,146,141,135,131,125,120,117,1
104,107,106,103,102,102,100,98,96,95,93,91,90,92,95,102,100,102,111,115,114,109,112,118,126,134,138,141,144,147,0
165,170,173,174,180,185,188,190,190,189,188,185,179,172,163,155,150,150,151,149,146,143,143,143,143,143,143,143,143,143,1
231,241,242,241,237,237,252,256,257,255,254,254,256,258,260,255,250,251,256,250,245,250,242,235,233,217,200,192,185,181,0
165,165,164,166,167,167,174,182,186,187,184,192,204,212,221,220,213,207,191,180,171,164,153,143,140,140,138,126,117,105,0
225,214,203,187,174,163,155,140,134,132,126,119,116,118,120,113,110,109,106,105,104,106,108,108,106,101,93,88,85,83,0
166,167,167,174,182,186,187,184,192,204,212,221,220,213,207,191,180,171,164,153,143,140,140,138,126,117,105,100,100,101,1
350,340,336,331,329,323,322,310,301,294,285,275,266,260,250,238,220,209,190,173,153,142,138,136,133,133,129,127,131,135,1
96,98,99,94,96,97,92,88,89,92,95,97,99,102,105,109,112,115,120,106,103,104,102,108,120,127,129,141,148,191,0
79,79,79,84,92,102,109,117,119,119,112,104,97,88,80,73,71,75,80,85,91,98,108,118,125,128,128,130,131,129,0
150,152,154,155,159,160,161,163,166,173,177,183,187,191,194,197,196,191,191,191,187,182,173,168,165,163,163,164,162,162,0
99,91,89,91,100,120,125,125,121,119,121,121,122,123,121,122,124,132,137,138,138,135,130,132,138,147,155,157,154,150,0
121,128,134,149,161,167,167,161,150,135,135,135,135,135,135,135,135,135,135,135,135,53,55,59,64,71,79,84,89,96,0
260,273,283,292,303,310,316,325,335,341,343,345,347,347,349,351,349,348,345,335,324,310,294,284,275,269,261,245,232,216,1
99,104,116,133,145,150,155,162,163,161,150,137,126,110,89,72,65,63,71,80,87,87,87,87,87,98,99,92,81,68,0
132,127,125,124,122,125,124,125,132,138,141,141,141,145,146,147,148,139,135,134,140,153,159,170,178,182,182,184,185,192,0
179,172,164,153,147,147,149,150,149,144,138,139,142,150,153,151,149,147,142,135,132,134,143,147,150,152,153,152,158,159,1
162,159,161,163,165,165,167,170,173,186,186,186,186,186,186,186,214,213,222,231,236,234,227,223,220,221,221,220,218,215,0
256,258,260,258,254,252,246,241,236,228,221,213,207,194,179,163,146,131,113,102,99,99,98,99,97,91,91,90,91,92,1
77,74,76,80,86,98,112,128,142,151,165,196,205,208,239,273,283,289,294,301,299,295,291,286,273,270,252,246,246,248,1
142,137,138,141,142,138,129,121,117,109,104,101,94,88,84,84,84,84,84,84,84,84,84,84,84,84,84,127,123,119,0
93,93,92,86,84,80,87,98,105,113,123,125,129,115,101,90,73,61,53,48,46,46,41,41,52,51,60,69,80,89,1
133,131,132,134,135,140,146,152,156,158,158,160,159,158,161,165,168,169,169,171,178,188,197,197,192,190,193,189,186,183,1
167,173,184,193,202,211,218,222,223,220,214,211,213,220,227,232,220,211,206,200,190,168,142,131,126,124,126,129,135,138,1
209,213,214,217,211,207,210,201,192,179,158,146,145,148,148,148,151,151,149,141,134,137,144,155,166,173,172,164,166,176,0
253,256,253,247,245,249,256,262,268,270,270,273,272,270,268,257,254,220,202,185,176,177,182,187,179,171,168,167,165,164,1
400,400,400,400,400,400,400,400,400,400,400,400,400,400,400,400,400,400,400,400,397,387,378,368,361,353,344,335,324,326,0
120,116,120,127,130,135,138,147,154,160,162,163,158,152,149,146,142,130,117,109,107,107,107,107,107,107,117,119,120,122,1
333,336,330,309,300,300,300,302,290,287,286,283,287,292,283,263,239,235,242,242,250,256,249,249,222,211,208,206,207,210,0
238,238,236,235,238,238,241,264,266,247,235,225,218,216,216,215,215,219,223,220,222,238,250,250,274,278,279,280,280,282,1
270,276,285,292,299,304,309,314,320,325,332,339,345,349,352,354,360,365,385,391,389,386,388,376,359,368,372,372,372,371,1
274,277,275,273,269,263,261,257,251,248,236,232,232,231,228,226,226,225,227,227,223,224,227,221,219,209,196,181,165,146,0
241,236,238,243,255,265,273,281,276,277,266,243,236,234,223,212,204,194,185,176,167,159,151,144,133,129,130,131,128,125,1
185,193,200,206,207,203,200,204,204,213,220,226,234,244,252,254,259,262,264,271,279,283,289,287,283,289,292,297,299,301,1
173,184,185,189,192,191,190,192,194,197,200,204,207,211,211,212,207,202,200,195,192,197,197,207,213,214,213,216,226,238,1
165,170,173,174,180,185,188,190,190,189,188,185,179,172,163,155,150,150,150,150,150,150,150,150,150,150,150,150,150,150,1
166,171,168,160,150,146,145,144,139,133,130,129,130,134,136,138,142,146,153,160,164,168,168,171,180,179,180,179,177,173,1
123,123,125,126,129,136,142,148,154,157,160,164,167,166,163,157,149,142,138,135,135,133,126,118,113,110,108,107,109,112,1
159,161,164,169,174,179,182,184,186,194,201,205,204,199,200,205,207,210,211,214,216,209,205,206,205,203,202,202,203,200,1
248,253,259,266,279,287,292,296,298,292,288,288,290,290,294,289,282,276,270,263,260,258,254,242,232,226,223,224,227,232,0
107,90,88,90,93,95,97,92,97,97,101,101,99,86,107,127,133,134,135,144,149,151,150,153,155,154,143,141,139,126,1
190,188,168,154,142,130,119,120,126,124,120,108,100,90,69,53,42,40,48,58,71,83,93,106,117,128,132,136,143,140,0
312,300,296,284,280,283,287,292,285,286,289,288,286,290,298,304,300,292,285,278,271,268,268,268,268,268,268,268,268,268,1
199,191,193,202,213,225,228,217,212,213,213,217,224,223,222,223,226,220,212,212,208,224,238,254,262,267,269,273,263,246,0
196,197,201,195,190,185,178,174,180,186,194,208,231,242,249,247,246,242,238,229,219,214,210,203,198,184,175,168,160,154,0
226,224,223,226,219,220,227,220,213,206,199,193,185,179,181,195,207,213,216,206,200,193,190,196,198,202,208,208,208,191,0
203,197,196,201,208,213,215,218,221,223,223,220,210,216,216,215,214,215,214,217,221,228,235,247,252,230,225,233,236,235,0
139,147,166,182,195,210,224,235,248,261,281,287,290,297,303,306,305,308,309,309,313,303,299,298,295,293,296,294,289,280,1
139,147,152,150,145,147,151,156,165,176,196,207,217,228,238,243,237,225,216,211,208,203,186,176,167,143,134,131,135,139,0
177,172,167,163,154,145,135,126,118,109,96,88,84,80,74,70,66,63,62,66,69,74,79,81,84,85,88,93,102,108,0
182,185,187,189,189,192,198,205,215,228,231,229,233,240,245,250,255,259,262,264,265,267,270,265,254,257,255,256,263,266,1
225,234,234,234,234,257,266,278,291,296,294,291,282,272,254,239,226,212,204,195,175,170,148,141,120,119,114,93,69,47,1
53,53,53,55,59,64,71,79,84,89,96,104,110,118,130,146,159,165,163,156,135,122,119,121,121,124,127,125,119,114,1
146,150,158,165,167,165,162,164,170,172,173,172,178,185,189,192,197,205,212,216,224,233,241,248,251,261,268,275,279,282,1
214,211,212,214,214,207,212,222,227,228,232,228,227,231,233,235,237,239,237,241,242,236,237,237,233,225,226,224,219,216,1
293,294,298,302,305,312,318,314,307,302,298,298,301,299,295,295,295,297,292,285,277,273,271,269,264,262,268,274,272,265,1
220,227,232,229,225,218,212,205,202,199,195,189,180,170,157,144,130,117,107,102,99,100,102,103,103,102,100,99,99,100,1
185,186,187,186,188,191,188,188,188,187,188,193,196,197,195,191,188,189,191,191,190,185,179,176,192,213,223,230,226,218,0
149,142,138,136,134,130,127,121,115,109,106,104,103,102,101,100,97,100,100,102,106,110,115,119,126,136,149,153,152,164,0
316,323,329,335,329,329,329,329,329,329,329,329,329,329,329,329,329,329,329,329,329,329,329,329,329,329,329,329,329,329,1
108,106,106,106,107,108,108,108,109,109,106,101,96,94,94,93,92,91,91,90,89,89,90,91,90,90,90,92,96,98,0
114,123,127,127,123,121,121,120,116,106,101,101,101,105,109,105,102,90,74,66,62,60,61,63,63,65,67,72,80,86,1
285,291,301,306,308,323,339,343,340,338,339,345,370,375,376,378,374,371,372,362,347,335,312,284,275,239,206,173,149,135,1
208,208,208,207,205,201,197,197,203,209,216,217,210,202,199,206,213,218,219,204,198,198,193,185,176,179,186,195,207,212,1
86,95,105,110,121,133,145,156,165,173,183,196,210,223,236,252,261,262,274,287,313,329,334,336,336,331,329,332,329,325,1
250,257,260,259,262,267,277,288,301,315,323,329,335,340,344,344,344,340,339,339,339,341,344,322,276,286,289,294,277,267,1
345,349,352,354,360,365,385,391,389,386,388,376,359,368,372,372,372,371,371,368,362,354,346,327,275,267,268,254,244,240,1
185,189,192,197,205,212,216,224,233,241,248,251,261,268,275,279,282,289,293,291,291,293,292,290,284,280,280,279,276,272,1
88,95,100,107,117,127,131,131,133,138,141,145,149,151,156,162,170,177,181,184,186,187,191,194,202,208,209,207,205,206,0
179,173,166,163,160,154,151,147,143,142,145,140,140,140,136,131,125,122,125,125,117,111,99,95,93,91,89,90,93,95,1
159,145,123,115,109,112,118,121,125,129,133,137,145,153,162,169,173,181,189,195,199,205,209,219,232,241,241,236,238,243,1
178,178,178,178,178,178,178,178,162,150,146,148,153,154,148,141,144,148,154,162,173,190,196,198,200,206,210,215,218,216,0
133,127,117,108,101,98,98,99,100,98,97,98,104,107,109,111,112,113,116,120,123,127,127,125,125,128,134,141,151,162,0
209,219,223,221,217,218,227,233,239,242,236,227,218,212,204,188,178,171,165,159,145,123,115,109,112,118,121,125,129,133,1
192,202,211,226,237,243,247,249,248,240,236,239,231,225,220,214,199,181,164,150,117,103,102,109,113,123,135,140,143,146,1
225,225,229,232,236,250,260,265,264,263,275,290,295,301,307,312,315,307,309,318,321,328,326,335,352,352,354,359,362,361,0
181,176,168,160,150,141,130,120,115,112,111,112,113,115,116,113,109,107,105,103,100,99,99,104,112,126,135,137,136,132,0
190,206,213,216,220,207,199,193,190,190,191,185,182,189,191,183,175,154,145,142,146,152,155,156,142,138,140,141,142,142,1
232,232,228,234,242,250,262,279,288,296,304,312,316,319,320,321,322,324,322,323,316,312,309,308,303,301,296,290,290,293,0
109,96,84,76,78,88,103,123,131,132,127,116,107,102,109,117,125,138,153,167,172,175,187,197,200,199,200,198,198,201,1
98,103,103,112,116,120,121,121,123,128,133,137,143,149,155,163,167,183,196,202,203,209,218,221,221,221,221,221,221,221,1
179,187,193,199,208,220,228,230,230,226,217,221,230,244,230,205,216,232,242,254,261,258,246,214,200,196,197,202,203,203,1
165,170,173,174,180,185,188,190,190,189,188,185,179,172,163,155,150,150,151,149,146,143,143,143,143,143,143,143,143,143,1
132,139,145,147,147,152,155,155,156,154,150,143,137,134,129,123,120,118,116,114,112,111,113,112,116,120,121,124,129,134,0
190,190,190,190,188,187,186,182,179,176,175,175,179,190,192,194,198,193,183,179,176,197,208,211,218,218,215,210,212,222,0
81,83,83,83,81,80,80,79,78,80,81,82,83,84,85,86,87,89,90,90,91,91,92,93,95,98,102,107,110,112,0
70,70,71,77,80,81,90,96,99,104,107,106,103,102,102,100,98,96,95,93,91,90,92,95,102,100,102,111,115,114,1
237,226,225,230,233,236,234,229,217,213,213,215,199,182,164,148,134,111,86,77,74,74,75,77,79,85,89,92,97,89,1
149,149,149,149,149,149,149,149,149,149,149,149,149,149,149,149,149,149,151,163,171,174,174,174,174,174,174,174,174,174,1
137,139,145,144,154,165,178,194,216,245,260,272,273,267,257,245,229,211,188,162,151,148,151,153,154,151,145,145,146,141,1
179,180,185,193,199,205,212,223,229,235,239,240,241,230,219,208,202,185,164,138,120,111,108,113,122,129,133,136,137,139,1
311,309,305,299,293,287,278,271,264,255,245,216,205,194,186,175,166,155,144,134,122,107,95,88,85,85,82,78,75,77,0
220,214,207,200,194,196,203,217,231,236,234,227,212,198,187,176,166,158,148,140,134,129,124,119,119,117,115,113,98,90,0
60,63,65,64,61,59,56,67,83,90,89,101,106,118,129,142,150,160,164,169,179,195,207,218,229,236,241,244,239,246,0
192,200,206,211,193,185,181,173,175,179,184,210,224,229,216,205,193,180,163,152,143,143,152,163,179,176,170,168,176,182,1
188,181,176,174,172,170,170,170,168,166,163,161,162,163,160,156,150,146,139,131,120,112,107,105,100,99,100,101,100,95,1
164,155,153,155,154,145,141,137,134,135,136,142,152,161,171,180,187,190,190,191,184,179,188,188,189,185,175,164,148,136,0
277,267,261,259,260,262,263,265,269,272,273,277,280,285,293,301,307,310,313,316,323,329,335,329,329,329,329,329,329,329,1
185,186,188,189,190,190,191,190,189,188,187,186,185,185,185,184,183,179,176,176,180,186,199,206,213,213,211,207,200,195,1
106,114,136,155,163,169,162,158,153,146,140,127,116,110,106,108,115,121,128,132,133,126,100,82,70,65,60,59,59,61,1
155,156,155,150,142,134,123,101,95,97,100,100,97,88,82,77,77,81,86,99,105,109,113,119,120,121,124,126,128,130,0
75,78,80,85,92,99,110,119,136,147,157,164,180,184,167,161,162,162,165,171,175,175,178,182,183,186,176,168,164,161,0
94,96,99,103,107,110,110,109,110,114,117,120,121,122,123,125,128,130,132,129,127,133,139,154,156,159,162,164,161,153,0
192,209,218,224,230,237,241,244,245,245,245,251,260,266,270,263,256,249,244,237,231,229,238,244,254,270,284,295,276,231,1
144,147,147,149,152,156,162,165,166,166,165,165,168,171,173,174,176,177,181,185,192,196,198,198,191,190,191,190,191,194,1
332,333,330,328,317,309,294,291,293,290,278,260,225,213,201,195,153,130,107,98,96,100,97,106,114,119,126,129,134,138,1
108,91,73,65,63,63,72,76,75,77,81,83,83,87,88,88,88,89,90,91,92,94,99,104,107,111,114,117,118,115,0
292,285,278,271,268,268,268,268,268,268,268,268,268,268,268,268,268,268,268,268,268,268,268,268,268,268,268,268,268,268,1
211,216,220,221,219,218,213,209,207,188,178,179,175,161,158,139,134,136,137,137,120,110,107,109,117,135,139,144,142,140,1
123,124,124,123,121,122,123,121,119,117,114,114,115,115,116,117,120,126,130,133,137,140,139,135,129,121,112,101,91,84,1
272,267,260,257,251,245,240,237,226,214,199,183,167,141,127,122,125,131,136,140,146,146,144,142,141,141,140,138,136,134,1
177,194,200,201,189,162,166,173,176,169,167,166,168,180,182,178,171,160,145,138,132,120,127,129,132,123,104,100,107,106,1
372,372,371,371,368,362,354,346,327,275,267,268,254,244,240,242,241,243,243,238,231,225,218,214,213,214,214,218,210,195,1
190,195,201,211,224,227,226,221,229,238,240,256,264,269,278,299,317,329,336,331,317,301,281,268,260,255,242,228,215,187,1
249,247,253,253,253,253,253,253,253,253,253,253,253,173,156,141,129,115,104,89,77,71,69,72,77,80,83,86,89,90,0
203,210,215,217,218,218,220,226,227,226,226,221,212,205,201,202,207,212,215,215,209,209,214,221,225,227,225,224,222,220,0
251,255,253,249,244,242,250,251,250,254,259,264,267,266,263,256,252,251,251,252,237,225,213,204,198,196,196,193,192,192,0
180,184,188,190,191,190,185,176,169,163,156,150,143,132,125,122,120,119,117,115,113,110,108,105,103,102,101,100,99,98,0
252,243,235,223,212,203,177,170,168,153,144,142,144,149,153,150,138,129,121,120,125,134,151,162,167,166,170,174,179,187,0
221,226,229,235,231,227,240,253,264,267,264,259,264,267,275,283,288,296,309,317,322,329,337,326,298,302,309,312,300,296,1
142,147,151,148,158,175,181,182,181,185,191,197,201,202,200,193,178,173,170,169,172,170,166,167,172,176,180,183,184,184,0
252,251,253,257,261,262,261,258,253,246,238,227,213,203,192,186,172,157,140,123,114,109,107,105,104,104,106,108,110,110,1
254,254,252,252,255,259,261,261,262,263,251,224,230,235,237,238,239,239,240,241,243,234,210,208,209,211,216,218,220,219,0
126,123,119,115,117,120,128,136,143,153,170,179,186,196,198,198,196,199,203,206,211,209,207,210,207,197,194,193,192,192,1
169,173,181,189,195,199,205,209,219,232,241,241,236,238,243,255,265,273,281,276,277,266,243,236,234,223,212,204,194,185,1
180,181,186,192,196,201,205,211,213,211,211,204,199,195,193,193,191,188,187,184,181,181,180,179,178,175,173,173,175,179,0
233,239,244,244,242,238,232,227,223,220,213,198,189,181,174,166,151,136,119,100,90,87,87,88,89,88,88,90,91,91,1
144,145,147,148,149,149,150,153,159,164,166,162,156,153,154,159,161,164,169,174,179,182,184,186,194,201,205,204,199,200,0
251,246,248,253,261,269,278,285,291,293,297,311,322,329,331,331,325,324,323,325,322,317,333,301,281,267,250,216,208,186,0
262,268,274,272,265,257,253,250,248,247,246,242,231,225,212,197,181,170,161,152,129,119,117,122,136,134,137,141,145,149,1
241,242,243,250,253,253,253,252,251,253,257,261,262,261,258,253,246,238,227,213,203,192,186,172,157,140,123,114,109,107,1
234,233,225,214,197,192,193,196,193,193,188,182,180,173,165,156,146,138,138,147,157,165,168,167,166,169,173,178,181,180,1
94,75,62,58,60,59,61,61,63,68,70,72,76,83,90,96,104,112,121,131,149,161,166,162,145,132,122,121,127,139,0
400,400,400,400,400,400,377,377,377,377,377,377,347,340,314,286,259,235,209,198,209,215,207,194,169,160,160,156,160,162,1
207,213,211,201,187,178,171,164,155,143,134,129,123,107,94,86,83,87,94,100,105,110,116,117,111,106,103,106,113,120,1
187,184,178,172,169,168,170,172,172,168,167,167,163,162,159,156,152,147,142,135,135,135,124,110,96,89,84,79,79,82,0
182,205,220,230,237,238,238,238,238,236,235,238,238,241,264,266,247,235,225,218,216,216,215,215,219,223,220,222,238,250,1
155,150,148,147,137,118,143,153,156,149,138,132,124,118,111,99,95,92,85,86,87,86,85,85,86,89,90,84,84,97,1
329,319,310,302,293,296,276,263,263,237,220,210,199,185,178,180,190,165,142,128,120,115,116,125,128,134,135,137,139,145,1
137,145,153,162,169,173,181,189,195,199,205,209,219,232,241,241,236,238,243,255,265,273,281,276,277,266,243,236,234,223,0
138,147,159,175,188,195,202,202,201,193,181,170,159,146,137,132,130,132,133,133,130,125,118,118,120,122,124,125,126,125,1
65,66,66,67,67,70,73,71,65,59,58,58,59,60,59,55,55,55,57,58,59,59,60,62,64,68,74,80,86,89,0
178,185,189,192,197,205,212,216,224,233,241,248,251,261,268,275,279,282,289,293,291,291,293,292,290,284,280,280,279,276,1
91,94,96,98,100,103,109,114,120,123,124,124,123,121,122,123,121,119,117,114,114,115,115,116,117,120,126,130,133,137,1
121,119,120,123,123,117,111,107,101,90,84,82,86,92,96,96,87,79,74,72,72,73,73,75,81,81,83,85,85,84,1
379,379,383,386,381,380,367,353,349,348,347,346,344,338,332,333,330,328,317,309,294,291,293,290,278,260,225,213,201,195,1
244,237,228,222,214,205,198,191,187,187,189,190,194,199,202,199,193,184,173,161,153,148,143,140,136,129,121,116,112,111,1
130,134,135,137,142,148,157,168,168,170,174,177,175,176,175,177,180,188,190,181,176,172,170,160,153,145,134,123,116,109,1
154,155,155,153,153,155,159,163,165,168,169,168,166,165,166,166,169,168,164,162,162,164,164,164,169,173,174,177,184,192,1
189,189,187,185,182,181,183,186,192,197,196,192,185,177,170,163,154,142,128,121,118,120,123,126,128,129,130,132,133,133,0
148,151,154,159,164,168,176,187,196,208,215,216,217,216,214,211,212,214,214,207,212,222,227,228,232,228,227,231,233,235,1
163,162,156,146,171,180,177,170,179,192,199,202,203,203,203,203,200,194,186,173,174,176,174,175,123,116,116,118,117,116,1
115,113,114,115,115,116,116,116,117,118,118,118,117,116,114,114,116,118,122,127,128,128,128,129,130,130,130,131,133,134,0
153,165,175,190,201,207,210,214,211,205,201,192,186,186,181,177,173,158,144,132,118,102,83,75,67,65,63,63,64,67,1
192,203,212,214,214,214,215,217,217,217,218,221,228,223,215,215,201,188,178,168,161,156,151,148,145,143,142,142,142,142,1
119,114,93,69,47,40,40,40,43,55,67,82,99,117,136,160,192,258,280,303,324,347,356,363,360,365,365,366,370,369,1
207,219,222,221,233,241,251,265,270,269,270,276,280,281,271,259,251,246,240,237,236,233,226,227,219,220,222,212,165,150,0
113,109,108,107,106,102,96,92,91,95,99,108,116,125,136,147,158,168,177,174,167,154,150,150,153,155,156,150,143,136,1
143,143,142,139,152,140,133,120,108,98,94,96,93,91,89,93,99,105,114,122,131,143,153,161,160,164,166,167,197,199,0
231,225,218,214,213,214,214,218,210,195,203,207,208,212,217,223,227,231,234,236,242,250,257,260,259,262,267,277,288,301,1
47,53,55,56,54,59,65,72,75,78,80,85,92,99,110,119,136,147,157,164,180,184,167,161,162,162,165,171,175,175,1
162,168,175,182,184,182,180,175,173,177,186,190,189,188,192,199,201,204,208,213,221,226,232,227,220,219,205,195,190,187,0
92,92,96,99,98,96,96,98,100,98,95,90,85,77,73,74,78,77,73,68,63,69,80,93,100,103,104,105,102,96,0
149,154,161,172,178,181,192,192,182,173,166,165,170,192,199,203,212,215,218,229,233,221,215,207,193,179,175,176,174,169,0
197,187,175,164,152,139,128,117,107,97,79,70,67,68,71,75,80,80,74,67,58,51,48,45,43,43,45,52,56,58,0
223,220,215,214,218,214,208,202,186,179,173,163,152,142,131,115,103,96,91,87,89,95,99,102,106,113,120,126,131,135,0
155,154,155,155,154,151,149,147,145,147,144,145,134,121,114,107,97,88,83,79,76,75,78,82,86,87,86,87,87,88,1
302,309,312,300,296,284,280,283,287,292,285,286,289,288,286,290,298,304,300,292,285,278,271,268,268,268,268,268,268,268,1
244,245,244,241,231,219,203,179,163,157,159,162,162,165,170,177,183,187,190,192,191,188,185,183,182,185,188,186,183,181,1
252,255,258,260,262,265,268,271,271,272,272,273,274,275,275,274,273,275,282,289,292,292,286,282,283,282,282,285,288,292,0
161,151,142,123,110,100,91,83,77,73,70,67,68,73,79,87,93,95,97,101,100,101,87,78,75,71,69,70,69,74,0
192,185,181,180,185,196,208,213,221,224,220,218,205,193,190,174,153,131,112,104,101,102,103,106,110,119,120,121,119,120,1
229,234,239,243,243,241,239,239,242,244,245,242,237,230,232,242,259,268,271,263,258,251,248,245,236,234,215,209,207,197,1
219,215,210,204,199,196,195,194,195,192,185,183,190,201,207,208,207,204,200,195,189,182,176,168,160,150,137,126,118,114,0
93,91,89,89,91,94,96,96,94,90,88,87,86,85,85,86,85,84,86,87,86,83,80,76,74,73,73,72,71,71,0
57,55,65,74,79,89,100,107,118,133,144,154,166,181,188,190,193,195,185,177,167,143,123,105,79,63,56,52,58,63,1
250,246,252,275,286,292,294,282,278,275,274,273,271,269,253,242,225,217,215,209,198,191,188,192,194,194,188,186,185,184,0
221,222,224,227,227,225,217,205,200,190,186,188,184,183,190,202,207,206,202,200,202,202,207,209,207,208,202,198,197,196,0
220,216,211,207,204,204,200,195,189,183,175,166,161,158,153,152,143,137,134,128,122,114,107,103,101,101,100,101,101,100,0
164,165,167,171,177,178,158,157,162,157,152,158,163,175,200,209,215,221,225,227,221,221,217,226,224,207,209,188,172,166,1
199,200,200,202,208,214,219,223,227,232,235,232,226,219,215,214,215,214,219,227,228,245,255,264,272,276,280,281,280,271,0
214,213,211,210,205,200,195,195,204,205,202,201,188,172,159,143,127,110,90,83,80,79,78,78,79,79,81,82,84,86,1
260,265,272,279,284,289,293,300,308,317,327,336,340,347,346,339,324,319,318,325,330,337,339,339,342,343,346,342,339,337,0
180,195,201,204,203,202,203,203,201,202,196,190,188,181,176,176,173,171,169,167,165,163,164,172,180,185,184,180,180,181,0
280,280,279,276,272,267,260,257,251,245,240,237,226,214,199,183,167,141,127,122,125,131,136,140,146,146,144,142,141,141,1
193,190,193,200,203,203,205,197,196,202,199,193,190,182,171,161,144,127,118,115,117,119,120,121,120,118,118,119,120,121,1
238,236,234,233,236,238,244,248,249,250,248,249,258,272,279,282,282,283,281,278,271,256,234,228,230,216,210,209,206,207,0
269,269,269,271,272,281,278,277,269,248,241,239,238,238,242,249,255,255,248,218,200,197,202,204,204,208,209,210,202,194,0
159,159,159,162,166,168,169,167,164,163,164,168,166,160,157,161,168,182,196,202,204,200,196,196,194,193,193,192,192,184,1
195,191,190,192,188,171,161,150,140,138,122,107,87,73,67,68,73,76,73,77,87,100,105,103,107,114,117,117,121,123,0
197,202,207,209,209,209,209,213,221,229,233,235,234,227,223,223,224,225,227,227,227,226,225,226,231,236,239,240,240,240,0
140,135,135,138,139,139,138,137,137,136,135,137,138,138,140,144,142,142,143,142,141,138,134,131,129,121,117,114,114,118,0
291,299,314,322,327,333,342,350,358,363,370,374,377,381,385,390,391,389,383,375,368,357,349,336,326,315,305,295,286,279,1
132,132,129,126,124,123,123,124,126,127,127,128,129,131,132,134,138,140,142,146,148,151,153,152,151,149,146,141,137,131,0
86,87,88,89,90,92,93,95,96,98,100,100,103,104,105,104,106,111,117,124,128,136,144,153,162,169,174,182,191,205,0
91,89,90,93,95,99,104,116,133,145,150,155,162,163,161,150,137,126,110,89,72,65,63,71,80,87,87,87,87,87,1
274,271,266,258,251,234,226,223,214,211,209,209,209,212,219,219,215,205,174,168,174,178,182,177,172,167,161,155,154,142,0
291,290,286,273,276,287,298,306,308,289,273,291,308,315,317,320,316,323,340,334,329,326,323,319,314,308,305,303,299,292,0
230,228,228,229,234,240,249,258,259,253,247,242,231,221,213,205,195,181,171,161,154,146,142,142,143,141,141,149,152,153,1
97,91,77,65,60,58,57,59,63,72,81,90,95,96,98,101,105,111,120,128,134,138,137,140,145,153,164,172,178,181,0
151,154,158,161,162,164,166,166,166,164,164,167,169,172,175,182,190,194,212,221,226,229,229,233,230,223,227,231,232,237,1
220,218,219,217,215,216,213,207,207,200,189,182,179,180,178,188,198,212,228,254,272,286,298,318,354,356,354,353,354,356,1
78,76,76,79,81,84,90,94,103,110,112,113,116,118,118,114,115,117,121,125,127,129,126,125,129,134,133,129,127,131,1
371,372,371,376,369,365,362,358,349,342,335,327,323,317,306,307,309,295,283,279,251,229,209,192,170,159,153,143,135,128,0
212,221,226,229,229,233,230,223,227,231,232,237,242,254,254,252,252,255,259,261,261,262,263,251,224,230,235,237,238,239,1
298,302,305,312,318,314,307,302,298,298,301,299,295,295,295,297,292,285,277,273,271,269,264,262,268,274,272,265,257,253,1
130,119,109,100,91,93,97,105,115,121,130,138,146,156,166,175,183,191,205,213,215,212,207,206,206,206,206,206,206,206,1
221,232,240,244,245,246,249,254,261,272,281,285,299,301,301,305,311,312,306,301,297,292,290,277,245,242,239,235,231,226,1
102,101,98,94,95,96,93,88,87,84,95,99,103,113,124,129,146,157,160,156,159,167,169,168,170,169,167,161,157,157,1
213,217,225,221,204,193,181,165,160,161,161,157,158,146,132,126,125,125,127,123,119,121,122,148,154,159,156,156,155,156,1
257,261,268,277,271,256,250,247,247,249,252,258,260,250,248,240,228,217,203,186,169,152,136,115,103,91,92,97,106,121,1
141,138,137,139,143,148,151,150,144,140,138,140,144,151,162,171,181,188,188,180,171,163,154,145,135,127,122,117,114,112,1
144,151,154,162,170,176,181,188,199,207,213,220,220,218,216,206,200,191,184,178,166,157,151,142,139,141,141,139,135,131,0
180,184,186,188,189,190,191,192,197,203,210,214,213,212,217,223,232,241,248,252,257,261,265,270,268,264,259,257,256,245,0
192,192,198,198,195,190,183,176,157,144,136,131,133,139,146,152,156,158,158,161,163,165,166,166,166,169,173,175,176,179,0
155,160,166,173,179,188,197,204,210,211,210,208,210,216,226,232,241,245,247,257,271,253,239,230,214,214,215,215,213,209,1
196,198,195,205,206,195,186,182,176,174,170,168,171,187,190,190,194,193,190,188,185,180,176,175,182,186,181,169,162,160,0
208,205,203,198,195,190,185,182,182,182,179,178,178,177,177,176,174,171,170,170,172,172,172,172,171,173,175,177,178,181,0
154,154,154,154,154,154,154,154,154,154,154,154,154,156,158,158,155,153,151,149,148,149,151,153,152,151,150,150,150,151,0
182,194,204,218,239,246,246,242,242,246,250,254,254,249,248,236,222,211,202,190,179,170,163,163,167,175,184,190,193,195,1
131,112,103,97,100,100,109,118,126,134,140,144,147,155,158,167,172,176,181,184,186,188,188,188,189,190,192,195,191,186,0
136,139,143,147,148,146,143,143,149,156,161,160,157,155,154,158,163,165,164,161,159,155,154,154,153,150,142,144,152,150,1
166,171,169,170,184,194,188,178,172,146,136,135,142,144,144,131,112,101,99,96,95,96,90,88,87,81,76,78,82,88,0
157,164,167,168,170,171,173,178,186,195,213,221,225,232,231,235,241,241,243,244,243,243,243,243,252,256,259,261,264,266,1
91,92,94,95,95,99,101,99,97,96,98,97,97,86,81,83,87,91,93,92,92,91,92,92,90,93,94,93,91,86,0
191,189,187,190,191,197,200,197,190,196,203,206,217,222,222,223,223,229,229,228,228,228,228,228,228,228,228,228,228,228,0
144,147,149,152,153,157,164,172,186,188,184,185,189,193,195,196,198,200,201,200,199,197,194,194,191,189,190,191,191,192,0
55,62,70,79,89,100,112,121,131,141,151,158,174,186,196,202,200,197,186,180,176,168,160,159,144,139,138,138,139,139,1
133,136,139,143,147,148,146,143,143,149,156,161,160,157,155,154,158,163,165,164,161,159,155,154,154,153,150,142,144,152,0
148,151,154,159,164,168,176,187,196,208,215,216,217,216,214,211,212,214,214,207,212,222,227,228,232,228,227,231,233,235,1
211,214,216,217,216,214,214,214,212,210,208,212,222,221,218,212,199,191,191,193,195,189,186,180,173,167,165,152,140,136,0
343,343,348,353,360,367,373,379,383,383,383,379,380,379,376,374,374,375,370,372,368,361,355,347,340,330,319,310,302,294,0
87,88,88,89,90,88,86,80,76,79,82,85,86,85,84,86,91,93,94,97,99,103,107,108,108,117,127,139,146,151,1
307,301,289,285,274,266,259,255,242,230,221,210,200,191,181,160,152,150,152,153,155,157,162,160,153,149,142,136,132,129,1
150,139,132,122,114,107,98,93,88,70,63,62,76,82,83,85,96,102,100,94,105,114,120,130,142,156,171,177,179,187,0
104,102,101,100,99,98,98,98,102,107,110,112,115,118,122,126,129,131,129,124,118,113,109,104,100,97,96,95,95,94,0
378,383,367,358,353,346,338,321,307,296,288,263,226,214,196,184,161,152,148,136,121,117,113,103,100,98,89,88,91,96,1
252,240,236,223,212,204,191,179,165,155,148,139,130,125,113,99,89,83,80,84,111,128,135,134,130,121,117,115,112,111,1
124,136,134,132,130,129,128,128,128,128,129,129,130,131,131,131,130,130,131,133,134,136,137,138,140,144,145,145,144,143,0
181,170,158,140,131,126,123,123,126,130,132,133,135,139,144,151,157,163,167,165,159,152,137,107,88,79,72,71,75,82,0
115,120,130,132,130,129,126,128,131,139,153,165,174,185,198,208,223,245,259,263,254,248,233,222,216,210,207,186,179,172,1
136,138,138,135,138,143,148,155,159,161,161,160,160,162,166,170,171,171,170,167,166,165,166,168,168,162,151,148,152,160,0
196,189,186,190,194,183,167,153,154,158,145,135,126,116,106,86,82,86,89,88,87,83,79,76,68,63,62,63,64,66,0
69,72,70,75,84,90,92,86,80,80,92,100,108,113,115,114,111,107,116,126,141,150,144,140,131,126,95,79,75,75,1
149,165,170,171,173,176,179,181,185,185,182,182,167,164,148,131,120,109,97,89,84,82,86,97,103,111,119,131,136,140,0
224,233,239,244,244,242,238,232,227,223,220,213,198,189,181,174,166,151,136,119,100,90,87,87,88,89,88,88,90,91,1
254,258,261,261,257,254,248,242,237,231,222,215,212,208,202,199,190,181,173,163,153,144,135,116,92,79,72,76,88,116,1
277,275,273,269,262,261,257,254,253,245,237,228,219,213,202,187,170,162,159,164,172,178,181,180,175,173,170,168,165,162,1
40,40,40,44,45,58,68,79,97,109,116,131,138,141,143,159,170,179,184,180,193,193,193,193,193,193,207,201,211,216,0
202,197,191,185,197,206,209,207,174,168,168,142,136,135,136,147,148,137,137,144,141,135,133,126,110,104,74,62,58,57,1
75,75,73,73,75,78,82,86,92,97,104,112,122,131,142,152,161,171,180,195,209,219,230,236,254,279,293,301,307,309,0
169,170,170,171,167,165,170,166,159,159,141,124,120,120,122,121,121,119,119,120,119,118,118,118,119,119,118,117,115,113,0
208,215,220,225,229,235,240,246,251,257,263,270,277,284,294,302,306,304,297,297,306,315,328,337,327,300,304,305,306,308,1
237,240,238,237,237,227,224,214,205,196,189,185,178,165,146,132,122,116,112,111,114,116,118,118,120,120,120,118,116,115,0
166,167,170,173,174,173,165,158,165,173,176,176,177,188,188,183,179,182,185,191,193,194,194,195,195,195,195,196,198,201,0
196,196,203,205,214,219,221,223,226,221,220,217,211,203,197,193,182,171,168,148,132,125,125,128,133,143,143,143,144,145,1
141,141,142,142,145,150,155,161,166,171,177,179,185,193,200,206,207,203,200,204,204,213,220,226,234,244,252,254,259,262,1
246,248,250,247,245,250,254,263,275,286,293,298,300,296,291,287,280,285,289,290,277,259,244,230,212,199,188,165,150,147,0
71,68,67,67,67,67,68,68,69,70,72,74,76,81,84,87,90,94,98,101,105,106,109,113,118,124,130,135,142,151,0
275,277,279,280,280,276,273,267,263,265,271,277,278,277,274,273,282,297,313,328,332,330,327,307,307,307,307,307,307,307,1
231,241,245,246,248,252,254,254,254,249,243,242,232,221,213,192,176,171,170,172,174,176,177,171,157,155,157,159,159,159,1
240,240,236,230,224,218,214,209,198,189,179,170,159,148,137,121,108,100,98,109,123,128,129,129,128,127,127,127,128,126,1
170,161,145,134,129,128,128,129,131,132,134,134,134,135,135,136,136,135,133,131,130,129,130,133,139,142,145,147,148,151,0
154,165,178,194,216,245,260,272,273,267,257,245,229,211,188,162,151,148,151,153,154,151,145,145,146,141,139,139,139,140,1
164,169,174,177,179,180,179,176,174,175,179,184,183,176,171,167,165,162,154,146,140,137,134,133,127,118,110,101,92,83,1
150,148,147,145,141,138,137,139,143,148,151,150,144,140,138,140,144,151,162,171,181,188,188,180,171,163,154,145,135,127,0
216,204,193,173,164,160,161,164,167,171,173,174,178,181,182,180,179,182,187,192,194,196,199,199,203,209,212,215,218,220,0
77,76,77,83,91,99,108,114,126,137,146,153,159,167,170,186,202,213,214,215,207,197,182,167,149,126,108,101,98,97,1
287,278,264,251,231,226,226,222,222,219,214,207,197,191,186,183,171,161,150,137,120,104,89,81,76,78,82,87,94,100,0
168,174,179,180,179,180,185,193,199,205,212,223,229,235,239,240,241,230,219,208,202,185,164,138,120,111,108,113,122,129,1
264,266,267,269,272,269,264,253,246,243,242,239,232,231,230,231,237,242,243,242,240,235,234,232,229,228,226,221,218,217,0
198,212,228,254,272,286,298,318,354,356,354,353,354,356,352,369,379,388,400,400,400,400,400,400,387,376,356,351,354,356,1
126,124,128,135,143,155,175,184,191,203,208,208,211,216,228,238,242,242,242,248,250,250,246,241,239,240,242,245,247,248,0
181,175,176,175,170,167,167,165,165,174,180,188,189,186,185,192,199,201,202,181,174,172,169,165,159,152,146,141,131,132,1
159,157,157,160,165,168,169,171,172,175,184,191,196,200,207,217,222,213,208,196,186,176,159,145,123,123,124,124,116,110,1
110,116,126,133,136,136,136,136,136,136,136,136,136,136,136,136,136,136,136,136,136,136,136,136,136,136,136,136,136,136,0
156,153,155,161,166,168,169,173,176,178,187,189,189,188,188,187,189,192,193,196,191,188,186,173,146,144,146,151,157,157,0
105,101,97,95,97,102,115,123,127,126,117,108,114,118,124,130,136,142,147,153,157,161,167,173,179,183,186,190,194,197,0
243,238,233,237,250,262,267,268,266,262,260,260,262,267,274,279,278,274,268,263,262,264,269,273,277,270,261,256,253,254,1
150,151,150,150,152,151,150,149,147,147,145,143,137,140,144,147,161,165,168,169,140,131,130,131,127,127,125,121,120,115,0
371,368,362,354,346,327,275,267,268,254,244,240,242,241,243,243,238,231,225,218,214,213,214,214,218,210,195,203,207,208,0
237,234,226,217,210,208,207,205,205,211,218,224,221,215,210,205,195,183,169,156,147,141,135,126,119,114,105,86,70,65,0
146,150,158,165,167,165,162,164,170,172,173,172,178,185,189,192,197,205,212,216,224,233,241,248,251,261,268,275,279,282,1
251,244,237,228,222,214,205,198,191,187,187,189,190,194,199,202,199,193,184,173,161,153,148,143,140,136,129,121,116,112,1
235,231,228,224,219,218,220,217,218,207,194,178,164,157,154,156,157,158,142,139,146,143,142,137,125,115,107,110,122,142,0
188,190,190,185,178,169,163,158,155,150,148,147,137,118,143,153,156,149,138,132,124,118,111,99,95,92,85,86,87,86,1
245,248,247,243,238,233,237,250,262,267,268,266,262,260,260,262,267,274,279,278,274,268,263,262,264,269,273,277,270,261,0
74,74,74,74,74,74,74,74,74,74,73,74,77,83,87,88,87,81,78,81,79,89,97,105,107,117,127,137,146,153,0
161,148,134,128,123,118,112,98,89,87,80,78,82,81,97,106,109,110,116,124,130,134,135,122,118,120,125,131,134,131,0
173,173,172,173,165,161,159,154,148,145,144,144,147,146,144,144,143,140,139,136,135,134,134,134,136,136,137,138,138,139,0
109,94,75,62,58,60,59,61,61,63,68,70,72,76,83,90,96,104,112,121,131,149,161,166,162,145,132,122,121,127,1
176,182,189,189,185,176,172,180,193,203,208,205,195,182,175,171,172,180,180,175,155,146,143,147,161,165,171,173,172,170,0
123,128,137,147,145,142,142,142,142,142,142,142,142,142,142,142,142,142,142,142,142,142,142,142,142,142,142,142,142,142,0
249,252,254,257,261,266,278,287,298,305,300,289,282,282,280,278,271,261,254,251,248,245,238,215,165,161,160,161,160,154,1
127,129,132,132,134,140,143,147,150,148,149,146,147,149,152,156,161,166,173,180,187,193,201,210,227,240,247,251,242,239,0
117,117,120,122,121,126,125,121,119,106,90,83,79,81,80,87,92,94,98,102,107,111,117,123,131,141,149,153,156,158,0
177,173,173,168,162,158,153,147,139,134,132,127,121,118,116,113,116,117,118,118,121,126,129,137,139,138,126,119,119,121,0
210,227,240,247,251,242,239,236,234,232,229,215,199,197,180,167,146,130,120,113,112,113,119,120,120,122,126,127,127,127,1
179,170,163,163,167,175,184,190,193,195,199,205,211,215,219,224,232,238,243,246,248,250,243,226,235,244,251,256,256,256,1
142,134,131,115,107,104,103,101,101,99,95,92,90,88,86,85,84,84,85,85,84,80,76,74,73,72,73,75,75,74,0
51,51,40,40,40,40,52,65,78,90,106,120,134,148,159,175,193,210,231,248,260,275,290,310,344,355,361,345,341,342,0
309,309,308,310,310,309,306,304,302,301,297,291,286,279,271,264,255,246,235,226,213,202,195,190,190,193,191,194,199,201,1
136,139,141,150,157,161,165,168,168,169,168,164,165,146,136,133,132,135,136,136,145,149,150,151,156,162,163,163,166,166,0
138,141,144,147,150,150,150,146,149,154,163,172,180,187,200,210,221,242,267,273,270,273,279,287,293,272,261,259,257,257,1
137,136,134,131,129,127,123,121,120,121,126,128,128,130,134,139,143,141,135,124,102,94,92,92,94,96,97,97,98,95,1
211,209,208,209,212,224,233,239,244,244,242,238,232,227,223,220,213,198,189,181,174,166,151,136,119,100,90,87,87,88,1
230,230,229,223,222,223,224,234,239,245,241,230,225,234,234,234,234,257,266,278,291,296,294,291,282,272,254,239,226,212,0
107,106,123,128,137,147,145,142,142,142,142,142,142,142,142,142,142,142,142,142,142,142,142,142,142,142,142,142,142,142,1
344,354,353,346,340,346,359,369,369,365,365,360,370,387,399,400,398,397,400,400,400,400,400,397,393,393,390,390,386,382,1
299,289,280,270,259,250,241,232,222,213,203,196,193,186,175,155,141,133,130,139,151,160,166,166,162,153,150,149,147,144,1
209,220,226,229,232,232,232,228,214,208,181,165,157,153,151,154,158,155,148,145,144,157,171,177,177,184,197,202,204,203,0
90,77,79,86,101,104,99,88,82,72,62,65,78,95,100,92,85,85,85,68,58,54,54,54,63,74,87,111,118,123,0
123,124,124,116,110,103,98,95,93,91,91,92,93,92,90,91,90,94,100,107,114,125,133,138,145,163,170,181,192,204,1
261,269,275,273,271,265,255,246,237,227,218,211,202,192,183,178,167,156,141,132,130,130,133,139,139,137,131,120,114,111,1
164,164,169,173,174,177,184,192,202,215,229,243,262,270,295,311,315,311,306,304,309,318,326,332,335,344,351,354,355,356,1
144,154,162,171,182,194,203,205,205,206,205,203,202,203,204,198,191,190,192,194,196,196,196,194,187,169,166,162,158,154,1
213,212,211,214,216,215,209,209,209,190,185,175,157,149,145,147,155,164,165,154,146,142,137,123,117,104,100,101,103,108,1
229,233,243,249,243,233,226,223,225,226,221,217,209,206,214,218,222,221,214,212,217,220,222,222,218,214,209,207,208,213,0
142,152,166,175,181,183,181,180,170,160,157,149,141,141,124,112,108,107,106,99,94,101,109,114,117,122,128,139,148,155,1
227,225,214,200,190,194,196,216,228,237,240,238,231,213,203,200,182,178,176,173,178,180,182,189,191,186,186,186,181,180,1
296,294,294,292,290,294,295,293,290,286,282,276,266,261,250,242,232,219,206,194,186,178,177,174,174,174,165,167,168,168,1
103,102,99,99,104,104,104,105,108,108,109,107,103,105,107,106,94,87,85,84,91,92,100,110,117,131,142,148,151,149,0
88,83,82,82,84,87,91,96,104,107,104,108,109,111,115,120,123,123,127,130,132,133,136,138,140,142,145,149,151,154,0
139,139,137,136,138,140,141,143,144,144,144,145,147,150,151,150,148,145,145,145,148,152,157,158,159,162,164,165,164,165,0
221,211,200,185,169,154,135,113,93,87,89,97,100,96,78,67,69,74,83,92,98,98,99,99,100,101,103,104,103,102,1
191,172,149,128,119,114,127,134,137,149,158,166,168,173,164,154,143,113,101,93,93,97,105,115,123,128,134,139,144,146,0
88,80,64,56,50,47,51,57,64,70,76,84,101,121,128,129,121,112,106,103,110,122,138,147,159,167,174,183,190,184,0
136,129,125,115,104,96,84,62,46,40,40,43,46,49,58,71,85,91,89,80,76,77,93,112,121,128,126,122,112,93,0
91,96,96,98,99,101,101,95,84,77,73,68,68,70,75,77,86,97,105,118,130,147,165,188,206,224,242,259,270,286,0
155,163,165,168,168,167,180,193,198,190,185,187,190,195,201,203,190,187,188,189,190,189,187,188,188,188,187,193,198,201,0
82,81,81,86,92,101,111,121,129,135,142,149,156,168,180,192,205,215,219,220,219,218,223,228,233,236,241,242,243,250,1
290,296,293,292,283,279,267,265,253,244,234,223,213,201,194,179,156,143,140,138,140,143,151,153,147,136,132,130,127,126,1
189,189,192,197,198,202,206,208,214,219,223,226,226,226,223,217,208,199,197,200,214,216,220,223,225,221,218,219,215,211,0
186,188,188,184,179,175,173,173,175,179,181,181,177,168,165,154,138,125,111,98,90,84,77,61,57,54,50,45,47,54,0
69,80,89,98,100,111,123,139,160,178,186,185,186,191,201,228,242,263,277,284,287,288,289,279,260,262,259,250,245,250,1
116,118,117,116,111,107,115,116,117,119,122,119,120,121,114,111,108,110,114,117,119,121,121,121,126,127,129,124,124,123,1
348,347,346,344,338,332,333,330,328,317,309,294,291,293,290,278,260,225,213,201,195,153,130,107,98,96,100,97,106,114,1
53,60,65,73,78,87,97,102,114,125,127,122,130,144,158,161,160,170,176,176,179,181,179,170,176,186,181,177,179,163,0
287,287,285,284,277,274,273,270,274,279,274,266,259,256,256,257,260,258,247,245,245,247,244,245,250,254,253,246,233,222,0
166,166,164,164,167,169,172,175,182,190,194,212,221,226,229,229,233,230,223,227,231,232,237,242,254,254,252,252,255,259,1
91,99,108,114,126,137,146,153,159,167,170,186,202,213,214,215,207,197,182,167,149,126,108,101,98,97,96,94,97,101,1
200,206,207,218,229,240,255,270,274,270,263,263,276,285,291,301,306,308,323,339,343,340,338,339,345,370,375,376,378,374,1
154,166,180,195,213,227,230,228,228,229,234,240,249,258,259,253,247,242,231,221,213,205,195,181,171,161,154,146,142,142,1
107,109,111,113,113,114,117,120,122,124,127,129,131,133,135,138,142,147,151,155,158,160,162,162,162,164,163,163,165,165,1
209,215,221,227,237,247,258,265,267,270,275,281,292,301,307,312,314,316,317,319,320,324,329,333,335,333,328,323,315,308,0
119,127,136,143,151,160,173,183,189,192,188,181,181,184,185,182,162,149,142,134,136,150,159,165,175,171,179,188,190,189,1
195,193,197,205,212,224,234,240,244,249,251,248,242,232,237,244,242,236,222,210,200,193,187,186,182,182,180,174,166,159,0
206,210,211,209,208,209,212,224,233,239,244,244,242,238,232,227,223,220,213,198,189,181,174,166,151,136,119,100,90,87,1
221,217,218,227,233,239,242,236,227,218,212,204,188,178,171,165,159,145,123,115,109,112,118,121,125,129,133,137,145,153,1
240,238,236,236,230,227,226,229,221,212,211,208,204,203,187,180,176,170,166,163,163,162,158,154,146,143,142,141,143,145,1
124,118,114,117,124,127,129,126,125,128,130,134,143,152,160,164,164,163,162,162,162,151,147,147,146,146,149,149,154,158,0
105,114,120,124,129,135,140,147,156,162,170,174,182,197,217,231,238,243,249,256,262,266,270,276,276,266,250,239,207,181,1
194,194,189,183,177,177,184,189,193,192,195,201,207,216,224,230,236,245,255,262,265,264,265,271,281,285,278,279,262,249,0
257,255,257,262,265,268,255,247,242,237,231,225,219,215,213,215,225,230,226,223,203,182,168,157,142,126,116,111,112,113,0
170,178,184,190,192,197,200,210,217,221,221,220,217,214,205,201,188,174,165,145,133,126,122,122,122,120,115,111,108,106,1
113,114,114,113,113,114,115,118,122,125,126,128,129,130,131,134,135,135,133,131,130,128,126,121,118,118,122,132,138,140,0
179,178,173,168,166,165,166,169,168,171,174,172,170,171,175,182,190,199,199,198,186,174,160,157,147,139,128,118,112,106,1
165,178,193,204,212,226,244,254,261,264,259,256,251,244,237,228,222,214,205,198,191,187,187,189,190,194,199,202,199,193,1
232,237,248,257,263,269,274,271,269,266,258,249,238,227,212,200,176,150,140,137,137,136,134,132,127,126,124,123,123,123,1
224,219,213,202,192,172,157,146,140,136,137,138,138,138,131,122,117,113,115,116,115,115,116,118,113,107,104,106,108,108,0
161,164,168,172,175,178,179,179,181,185,188,191,194,197,199,202,201,198,198,193,192,193,195,191,179,173,169,165,159,157,1
304,297,283,273,266,259,253,247,248,236,226,220,210,200,188,174,161,154,155,167,173,161,156,127,119,72,73,75,76,77,0
275,274,269,263,256,250,242,233,224,213,199,186,170,148,129,122,120,123,127,127,128,130,132,131,132,135,140,147,156,163,0
176,179,175,176,178,181,185,198,212,216,218,220,221,220,216,232,241,239,234,235,240,248,258,269,273,272,276,273,289,308,0
128,128,131,138,147,159,175,188,195,202,202,201,193,181,170,159,146,137,132,130,132,133,133,130,125,118,118,120,122,124,1
166,151,146,149,133,123,117,115,119,125,128,129,127,124,121,123,135,147,157,160,156,145,134,128,125,123,120,123,128,138,0
195,200,201,199,198,201,206,217,232,235,232,228,228,228,229,230,228,228,229,232,237,241,245,247,250,257,261,268,277,271,0
166,162,145,132,122,121,127,139,147,166,182,195,210,224,235,248,261,281,287,290,297,303,306,305,308,309,309,313,303,299,1
182,181,205,228,236,240,245,248,253,256,259,263,265,269,275,282,292,299,304,306,308,310,312,316,320,324,326,321,323,323,0
125,127,128,128,131,135,139,141,144,145,145,147,147,147,149,151,154,157,162,160,161,165,167,169,169,169,169,169,169,169,1
157,155,157,152,151,140,121,111,106,103,103,103,104,114,114,114,114,143,146,148,151,152,150,146,147,150,153,156,157,159,0
196,203,202,198,194,186,179,163,154,147,138,129,118,108,100,97,95,87,87,84,95,104,112,121,131,147,160,171,180,188,0
274,278,274,268,260,253,243,233,220,207,192,178,161,144,138,137,137,138,139,140,141,142,142,142,141,141,140,140,138,138,0
155,157,159,159,159,161,160,158,159,153,144,137,135,135,142,148,151,154,159,164,168,176,187,196,208,215,216,217,216,214,0
150,158,165,167,165,162,164,170,172,173,172,178,185,189,192,197,205,212,216,224,233,241,248,251,261,268,275,279,282,289,1
255,265,273,281,276,277,266,243,236,234,223,212,204,194,185,176,167,159,151,144,133,129,130,131,128,125,122,120,120,120,1
265,255,246,237,227,218,211,202,192,183,178,167,156,141,132,130,130,133,139,139,137,131,120,114,111,107,107,106,105,105,1
110,110,110,110,110,110,110,110,110,110,110,111,113,123,127,130,134,135,137,140,142,134,137,138,139,139,140,140,140,141,0
132,134,143,147,150,152,153,152,158,159,156,158,164,177,192,197,196,196,196,191,189,181,175,177,177,177,177,177,177,177,1
