cgmDatenum_ 1,cgmDatenum_ 2,cgmDatenum_ 3,cgmDatenum_ 4,cgmDatenum_ 5,cgmDatenum_ 6,cgmDatenum_ 7,cgmDatenum_ 8,cgmDatenum_ 9,cgmDatenum_10,cgmDatenum_11,cgmDatenum_12,cgmDatenum_13,cgmDatenum_14,cgmDatenum_15,cgmDatenum_16,cgmDatenum_17,cgmDatenum_18,cgmDatenum_19,cgmDatenum_20,cgmDatenum_21,cgmDatenum_22,cgmDatenum_23,cgmDatenum_24,cgmDatenum_25,cgmDatenum_26,cgmDatenum_27,cgmDatenum_28,cgmDatenum_29,cgmDatenum_30,cgmDatenum_31,cgmDatenum_32,cgmDatenum_33,cgmDatenum_34,cgmDatenum_35,cgmDatenum_36,cgmDatenum_37,cgmDatenum_38,cgmDatenum_39,cgmDatenum_40,cgmDatenum_41,cgmDatenum_42
737218.604351852,737218.60087963,737218.597407407,737218.593935185,737218.590462963,737218.586990741,737218.583518518,737218.580046296,737218.576574074,737218.573101852,737218.56962963,737218.566157407,737218.562685185,737218.559212963,737218.555740741,737218.552268518,737218.548796296,737218.545324074,737218.541851852,737218.53837963,737218.534907407,737218.531435185,737218.527962963,737218.524490741,737218.521018518,737218.517546296,737218.514074074,737218.510601852,737218.50712963,737218.503657407,737218.500185185,737218.4977050263,737218.4952248676,737218.4927447089,737218.4902645502,737218.4877843915,737218.4853042328,737218.4828240741,737218.4803439154,737218.4778637567,737218.475383598,737218.4729034393
737216.597268519,737216.593796296,737216.590324074,737216.586851852,737216.58337963,737216.579895833,737216.576423611,737216.572951389,737216.569479167,737216.566006944,737216.562534722,737216.5590625,737216.555590278,737216.552118056,737216.548645833,737216.545173611,737216.541701389,737216.538229167,737216.534756944,737216.531284722,737216.5278125,737216.524340278,737216.520868056,737216.517395833,737216.513923611,737216.510451389,737216.506979167,737216.503506944,737216.500034722,737216.4965625,737216.4941647376,737216.4917669753,737216.4893692129,737216.4869714505,737216.4845736881,737216.4821759257,737216.4797781634,737216.477380401,737216.4749826386,737216.4725848762,737216.4701871139,737216.4677893515
737214.597152778,737214.593680556,737214.590208333,737214.586736111,737214.583263889,737214.579791667,737214.576319444,737214.572847222,737214.569340278,737214.565868056,737214.562395833,737214.558923611,737214.555451389,737214.551979167,737214.548506944,737214.545034722,737214.5415625,737214.538090278,737214.534618056,737214.531145833,737214.527673611,737214.524201389,737214.520729167,737214.517256944,737214.513784722,737214.5103125,737214.506840278,737214.503368056,737214.499895833,737214.496423611,737214.4940252975,737214.491626984,737214.4892286705,737214.486830357,737214.4844320435,737214.48203373,737214.4796354165,737214.477237103,737214.4748387896,737214.4724404761,737214.4700421626,737214.4676438491
737210.552361111,737210.548888889,737210.545416667,737210.54193287,737210.538460648,737210.534988426,737210.531516204,737210.528043982,737210.524571759,737210.521099537,737210.517627315,737210.514155093,737210.51068287,737210.507210648,737210.503738426,737210.500266204,737210.496793982,737210.493321759,737210.489849537,737210.486377315,737210.482905093,737210.47943287,737210.475960648,737210.472488426,737210.469016204,737210.465543982,737210.462071759,737210.458599537,737210.455127315,737210.451655093,737210.4492573306,737210.4468595682,737210.4444618059,737210.4420640435,737210.4396662811,737210.4372685187,737210.4348707563,737210.432472994,737210.4300752316,737210.4276774692,737210.4252797068,737210.4228819445
737209.576585648,737209.573113426,737209.569641204,737209.566168981,737209.562696759,737209.559224537,737209.555740741,737209.552268518,737209.548796296,737209.545324074,737209.541851852,737209.53837963,737209.534907407,737209.531435185,737209.527962963,737209.524490741,737209.521018518,737209.517546296,737209.514074074,737209.510601852,737209.50712963,737209.503657407,737209.500185185,737209.496712963,737209.493240741,737209.489768518,737209.486296296,737209.482824074,737209.479351852,737209.47587963,737209.4734818676,737209.4710841052,737209.4686863428,737209.4662885804,737209.4638908181,737209.4614930557,737209.4590952933,737209.4566975309,737209.4542997685,737209.4519020062,737209.4495042438,737209.4471064814
737208.590428241,737208.586956018,737208.583483796,737208.580011574,737208.576539352,737208.57306713,737208.569594907,737208.566122685,737208.562650463,737208.559178241,737208.555706018,737208.552233796,737208.548761574,737208.545289352,737208.54181713,737208.538344907,737208.534872685,737208.531400463,737208.527928241,737208.524456018,737208.520983796,737208.517511574,737208.514039352,737208.51056713,737208.507094907,737208.503622685,737208.500150463,737208.496678241,737208.493206018,737208.489733796,737208.4873363092,737208.4849388223,737208.4825413355,737208.4801438487,737208.4777463619,737208.475348875,737208.4729513882,737208.4705539014,737208.4681564146,737208.4657589277,737208.4633614409,737208.4609639541
737206.614594907,737206.611122685,737206.607650463,737206.604178241,737206.600706019,737206.597233796,737206.593761574,737206.590289352,737206.58681713,737206.583344907,737206.579872685,737206.576400463,737206.572928241,737206.569456019,737206.565983796,737206.562511574,737206.559039352,737206.55556713,737206.552094907,737206.548622685,737206.545150463,737206.541678241,737206.538206019,737206.534733796,737206.531261574,737206.527789352,737206.52431713,737206.520844907,737206.517372685,737206.513900463,737206.5115029763,737206.5091054896,737206.5067080029,737206.5043105162,737206.5019130295,737206.4995155428,737206.497118056,737206.4947205693,737206.4923230826,737206.4899255959,737206.4875281092,737206.4851306225
737201.646365741,737201.642893519,737201.639421296,737201.635949074,737201.632476852,737201.62900463,737201.625532407,737201.622060185,737201.618587963,737201.615115741,737201.611643519,737201.608171296,737201.604699074,737201.601226852,737201.59775463,737201.594282407,737201.590810185,737201.587337963,737201.583865741,737201.580393519,737201.576921296,737201.573449074,737201.569976852,737201.56650463,737201.563032407,737201.559560185,737201.556087963,737201.552615741,737201.549143519,737201.545671296,737201.5432738091,737201.5408763223,737201.5384788355,737201.5360813487,737201.5336838618,737201.531286375,737201.5288888882,737201.5264914014,737201.5240939145,737201.5216964277,737201.5192989409,737201.5169014541
737199.597638889,737199.594166667,737199.590694444,737199.587222222,737199.58375,737199.580277778,737199.576805556,737199.573333333,737199.569861111,737199.566388889,737199.562916667,737199.559444444,737199.555972222,737199.5525,737199.549027778,737199.545555556,737199.542083333,737199.538611111,737199.535138889,737199.531666667,737199.528194444,737199.524722222,737199.52125,737199.517777778,737199.514305556,737199.510833333,737199.507361111,737199.503888889,737199.500416667,737199.496944444,737199.4945469572,737199.4921494704,737199.4897519836,737199.4873544967,737199.4849570099,737199.4825595231,737199.4801620363,737199.4777645494,737199.4753670626,737199.4729695758,737199.470572089,737199.4681746021
737198.58369213,737198.580219907,737198.576747685,737198.573275463,737198.569803241,737198.566331018,737198.562858796,737198.559386574,737198.555914352,737198.55244213,737198.548969907,737198.545497685,737198.542025463,737198.538553241,737198.535081018,737198.531608796,737198.528136574,737198.524664352,737198.52119213,737198.517719907,737198.514247685,737198.510775463,737198.507303241,737198.503831018,737198.500358796,737198.496886574,737198.493414352,737198.48994213,737198.486469907,737198.482997685,737198.4806001981,737198.4782027113,737198.4758052245,737198.4734077377,737198.4710102509,737198.468612764,737198.4662152772,737198.4638177904,737198.4614203036,737198.4590228167,737198.4566253299,737198.4542278431
737193.622546296,737193.619074074,737193.615601852,737193.61212963,737193.608657407,737193.605185185,737193.601712963,737193.598240741,737193.594768518,737193.591296296,737193.587824074,737193.584351852,737193.58087963,737193.577407407,737193.573935185,737193.570462963,737193.566990741,737193.563518518,737193.560046296,737193.556574074,737193.553101852,737193.54962963,737193.546157407,737193.542685185,737193.539212963,737193.535740741,737193.532268518,737193.528796296,737193.525324074,737193.521851852,737193.5194543652,737193.5170568785,737193.5146593918,737193.5122619051,737193.5098644184,737193.5074669317,737193.505069445,737193.5026719583,737193.5002744716,737193.4978769849,737193.4954794982,737193.4930820115
737191.584236111,737191.580763889,737191.577291667,737191.573819444,737191.570347222,737191.566875,737191.563402778,737191.559930556,737191.556458333,737191.552986111,737191.549513889,737191.546041667,737191.542569444,737191.539097222,737191.535625,737191.532152778,737191.528680556,737191.525208333,737191.521736111,737191.518263889,737191.514791667,737191.511319444,737191.507847222,737191.504375,737191.500902778,737191.497430556,737191.493958333,737191.490486111,737191.487013889,737191.483541667,737191.4811441803,737191.4787466936,737191.4763492069,737191.4739517202,737191.4715542335,737191.4691567468,737191.46675926,737191.4643617733,737191.4619642866,737191.4595667999,737191.4571693132,737191.4547718265
737189.570208333,737189.566736111,737189.563263889,737189.559791667,737189.556319444,737189.552847222,737189.549375,737189.545902778,737189.542430556,737189.538958333,737189.535486111,737189.532013889,737189.528541667,737189.525069444,737189.521597222,737189.518125,737189.514652778,737189.511180556,737189.507708333,737189.504236111,737189.500763889,737189.497291667,737189.493819444,737189.4920006609,737189.4901818777,737189.4883630946,737189.4865443115,737189.4847255284,737189.4829067453,737189.4810879622,737189.479269179,737189.4774503959,737189.4756316128,737189.4738128297,737189.4719940466,737189.4701752635,737189.4683564804,737189.4665376972,737189.4647189141,737189.462900131,737189.4610813479,737189.4592625648
737187.627118056,737187.623645833,737187.620173611,737187.616701389,737187.613229167,737187.609756944,737187.606284722,737187.6028125,737187.599340278,737187.595868056,737187.592395833,737187.588923611,737187.585451389,737187.581979167,737187.578506944,737187.575034722,737187.5715625,737187.568090278,737187.564618056,737187.561145833,737187.557673611,737187.554201389,737187.550729167,737187.547256944,737187.543784722,737187.5403125,737187.536840278,737187.533368056,737187.529895833,737187.526423611,737187.5240261242,737187.5216286373,737187.5192311505,737187.5168336637,737187.5144361769,737187.51203869,737187.5096412032,737187.5072437164,737187.5048462296,737187.5024487427,737187.5000512559,737187.4976537691
737151.630462963,737151.626990741,737151.623518519,737151.620046296,737151.616574074,737151.613101852,737151.60962963,737151.606157407,737151.602685185,737151.599212963,737151.595740741,737151.592268519,737151.588796296,737151.585324074,737151.581851852,737151.57837963,737151.574907407,737151.571435185,737151.567962963,737151.564490741,737151.561018519,737151.557546296,737151.554074074,737151.550601852,737151.54712963,737151.543657407,737151.540185185,737151.536712963,737151.533240741,737151.529768519,737151.5273710323,737151.5249735456,737151.5225760589,737151.5201785722,737151.5177810855,737151.5153835987,737151.512986112,737151.5105886253,737151.5081911386,737151.5057936519,737151.5033961652,737151.5009986785
737150.592199074,737150.588726852,737150.58525463,737150.581782407,737150.578310185,737150.574837963,737150.571365741,737150.567893518,737150.564421296,737150.560949074,737150.557476852,737150.55400463,737150.550532407,737150.547060185,737150.543587963,737150.540115741,737150.536643518,737150.533171296,737150.529699074,737150.526226852,737150.52275463,737150.519282407,737150.515810185,737150.512337963,737150.508865741,737150.505393518,737150.501921296,737150.498449074,737150.494976852,737150.49150463,737150.488032407,737150.4855522483,737150.4830720896,737150.4805919309,737150.4781117722,737150.4756316135,737150.4731514548,737150.4706712961,737150.4681911374,737150.4657109787,737150.46323082,737150.4607506613
737148.560833333,737148.557361111,737148.553888889,737148.550416667,737148.546944444,737148.543472222,737148.54,737148.536527778,737148.533055556,737148.529583333,737148.526111111,737148.522638889,737148.519166667,737148.515694444,737148.512222222,737148.50875,737148.505277778,737148.501805556,737148.498333333,737148.494861111,737148.491388889,737148.487916667,737148.484444444,737148.480972222,737148.4775,737148.474027778,737148.470555556,737148.467083333,737148.463611111,737148.460138889,737148.4577414023,737148.4553439156,737148.4529464289,737148.4505489422,737148.4481514555,737148.4457539688,737148.4433564821,737148.4409589954,737148.4385615087,737148.436164022,737148.4337665353,737148.4313690485
737145.580219907,737145.576747685,737145.573275463,737145.569803241,737145.566331018,737145.562858796,737145.559386574,737145.555914352,737145.55244213,737145.548969907,737145.545497685,737145.542025463,737145.538553241,737145.535081018,737145.531608796,737145.528136574,737145.524664352,737145.52119213,737145.517719907,737145.514247685,737145.510775463,737145.507303241,737145.503831018,737145.500358796,737145.496886574,737145.493414352,737145.48994213,737145.486469907,737145.482997685,737145.479525463,737145.4771279762,737145.4747304895,737145.4723330028,737145.4699355161,737145.4675380294,737145.4651405427,737145.462743056,737145.4603455693,737145.4579480826,737145.4555505959,737145.4531531092,737145.4507556225
737143.548854167,737143.545381944,737143.541909722,737143.5384375,737143.534965278,737143.531493056,737143.528020833,737143.524548611,737143.521076389,737143.517604167,737143.514131944,737143.510659722,737143.5071875,737143.503715278,737143.500243056,737143.496770833,737143.493298611,737143.489826389,737143.486354167,737143.482881944,737143.479409722,737143.4759375,737143.472465278,737143.468993056,737143.465520833,737143.462048611,737143.458576389,737143.455104167,737143.451631944,737143.489814815,737143.486342593,737143.48287037,737143.479398148,737143.475925926,737143.472453704,737143.468981482,737143.465509259,737143.462037037,737143.458564815,737143.455092593,737143.45162037,737143.448148148
737141.573032407,737141.569560185,737141.566087963,737141.562615741,737141.559143519,737141.555671296,737141.552199074,737141.548726852,737141.54525463,737141.541782407,737141.538310185,737141.534837963,737141.531365741,737141.527893519,737141.524421296,737141.520949074,737141.517476852,737141.51400463,737141.510532407,737141.507060185,737141.503587963,737141.500115741,737141.496643519,737141.493171296,737141.489699074,737141.486226852,737141.48275463,737141.479282407,737141.475810185,737141.472337963,737141.4699404762,737141.4675429895,737141.4651455028,737141.4627480161,737141.4603505294,737141.4579530427,737141.455555556,737141.4531580693,737141.4507605826,737141.4483630959,737141.4459656092,737141.4435681225
737140.538240741,737140.534768519,737140.531296296,737140.527824074,737140.524351852,737140.52087963,737140.517407407,737140.513935185,737140.510462963,737140.506990741,737140.503518519,737140.500046296,737140.496574074,737140.493101852,737140.48962963,737140.486157407,737140.482685185,737140.479212963,737140.475740741,737140.472268519,737140.468796296,737140.465324074,737140.461851852,737140.45837963,737140.454907407,737140.451435185,737140.447962963,737140.444490741,737140.441018519,737140.437546296,737140.4351488092,737140.4327513224,737140.4303538356,737140.4279563488,737140.4255588619,737140.4231613751,737140.4207638883,737140.4183664015,737140.4159689146,737140.4135714278,737140.411173941,737140.4087764542
737138.603587963,737138.600115741,737138.596643519,737138.593171296,737138.589699074,737138.586226852,737138.58275463,737138.579282407,737138.575810185,737138.572337963,737138.568865741,737138.565393519,737138.561921296,737138.558449074,737138.554976852,737138.55150463,737138.548032407,737138.544560185,737138.541087963,737138.537615741,737138.534143519,737138.530671296,737138.527199074,737138.523726852,737138.52025463,737138.516782407,737138.513310185,737138.509826389,737138.506354167,737138.502881944,737138.5004841816,737138.4980864192,737138.4956886568,737138.4932908944,737138.490893132,737138.4884953697,737138.4860976073,737138.4836998449,737138.4813020825,737138.4789043202,737138.4765065578,737138.4741087954
737134.61375,737134.610277778,737134.606805556,737134.603333333,737134.599861111,737134.596388889,737134.592916667,737134.589444444,737134.585972222,737134.5825,737134.579027778,737134.575555556,737134.572083333,737134.568611111,737134.565138889,737134.561666667,737134.558194444,737134.554722222,737134.55125,737134.547777778,737134.544305556,737134.540833333,737134.537361111,737134.533888889,737134.530416667,737134.526944444,737134.523472222,737134.52,737134.516527778,737134.513055556,737134.5106580693,737134.5082605826,737134.5058630959,737134.5034656092,737134.5010681225,737134.4986706357,737134.496273149,737134.4938756623,737134.4914781756,737134.4890806889,737134.4866832022,737134.4842857155
737125.610138889,737125.606666667,737125.603194444,737125.599722222,737125.59625,737125.592777778,737125.589305556,737125.585833333,737125.582361111,737125.578865741,737125.575393519,737125.571921296,737125.568449074,737125.564976852,737125.56150463,737125.558032407,737125.554560185,737125.551087963,737125.547615741,737125.544143519,737125.540671296,737125.537199074,737125.533726852,737125.53025463,737125.526782407,737125.523310185,737125.519837963,737125.516365741,737125.512893519,737125.509421296,737125.505949074,737125.5034683641,737125.5009876542,737125.4985069443,737125.4960262344,737125.4935455244,737125.4910648145,737125.4885841046,737125.4861033947,737125.4836226847,737125.4811419748,737125.4786612649
737120.566805556,737120.563333333,737120.559861111,737120.556388889,737120.552916667,737120.549444444,737120.545972222,737120.5425,737120.539027778,737120.535555556,737120.532083333,737120.528611111,737120.525138889,737120.521666667,737120.518194444,737120.514722222,737120.51125,737120.507777778,737120.504305556,737120.500833333,737120.497361111,737120.493888889,737120.490416667,737120.486944444,737120.483472222,737120.48,737120.476527778,737120.473055556,737120.469583333,737120.466111111,737120.4637136242,737120.4613161373,737120.4589186505,737120.4565211637,737120.4541236769,737120.45172619,737120.4493287032,737120.4469312164,737120.4445337296,737120.4421362428,737120.4397387559,737120.4373412691
737115.573553241,737115.570081018,737115.566608796,737115.563136574,737115.559664352,737115.55619213,737115.552719907,737115.549247685,737115.545775463,737115.542303241,737115.538831018,737115.535358796,737115.531886574,737115.528414352,737115.52494213,737115.521469907,737115.517997685,737115.514525463,737115.511053241,737115.507581018,737115.504108796,737115.500636574,737115.497164352,737115.49369213,737115.490219907,737115.486747685,737115.483252315,737115.479780093,737115.47630787,737115.472835648,737115.47043761,737115.4680395721,737115.4656415342,737115.4632434963,737115.4608454583,737115.4584474204,737115.4560493825,737115.4536513445,737115.4512533066,737115.4488552687,737115.4464572307,737115.4440591928
737113.580347222,737113.576875,737113.573402778,737113.569930556,737113.566458333,737113.562986111,737113.559513889,737113.556041667,737113.552569444,737113.549097222,737113.545625,737113.542152778,737113.538680556,737113.535208333,737113.531736111,737113.528263889,737113.524791667,737113.521319444,737113.517847222,737113.514375,737113.510902778,737113.507430556,737113.503958333,737113.500486111,737113.497013889,737113.493541667,737113.490069444,737113.486597222,737113.483125,737113.479652778,737113.4772552913,737113.4748578046,737113.4724603179,737113.4700628312,737113.4676653445,737113.4652678578,737113.4628703711,737113.4604728844,737113.4580753976,737113.4556779109,737113.4532804242,737113.4508829375
737111.559421296,737111.555949074,737111.552476852,737111.54900463,737111.545532407,737111.542060185,737111.538587963,737111.535115741,737111.531643518,737111.528171296,737111.524699074,737111.521226852,737111.51775463,737111.514282407,737111.510810185,737111.507337963,737111.503865741,737111.500393518,737111.496921296,737111.493449074,737111.489976852,737111.48650463,737111.483032407,737111.479560185,737111.476087963,737111.472615741,737111.469143518,737111.465671296,737111.462199074,737111.458726852,737111.4563293653,737111.4539318786,737111.4515343918,737111.4491369051,737111.4467394184,737111.4443419317,737111.441944445,737111.4395469583,737111.4371494716,737111.4347519849,737111.4323544982,737111.4299570115
737107.644837963,737107.641365741,737107.637893519,737107.634421296,737107.630949074,737107.627476852,737107.62400463,737107.620532407,737107.617060185,737107.613587963,737107.610115741,737107.606643519,737107.603171296,737107.599699074,737107.596226852,737107.59275463,737107.589282407,737107.585810185,737107.582337963,737107.578865741,737107.575393519,737107.571921296,737107.568449074,737107.564976852,737107.56150463,737107.558032407,737107.554560185,737107.551087963,737107.547615741,737107.544143519,737107.540671296,737107.5381911373,737107.5357109786,737107.5332308199,737107.5307506612,737107.5282705025,737107.5257903438,737107.5233101851,737107.5208300264,737107.5183498677,737107.515869709,737107.5133895503
737105.530115741,737105.526643518,737105.523171296,737105.519699074,737105.516226852,737105.51275463,737105.509282407,737105.505810185,737105.502337963,737105.498865741,737105.495393518,737105.491921296,737105.488449074,737105.484976852,737105.48150463,737105.478032407,737105.474560185,737105.471087963,737105.467615741,737105.464143518,737105.460671296,737105.457199074,737105.453726852,737105.45025463,737105.446782407,737105.443310185,737105.439837963,737105.436365741,737105.432893518,737105.429421296,737105.4270238092,737105.4246263223,737105.4222288355,737105.4198313487,737105.4174338619,737105.415036375,737105.4126388882,737105.4102414014,737105.4078439146,737105.4054464278,737105.4030489409,737105.4006514541
737101.6090625,737101.605590278,737101.602118056,737101.598622685,737101.595150463,737101.591678241,737101.588206019,737101.584733796,737101.581261574,737101.577789352,737101.57431713,737101.570844907,737101.567372685,737101.563900463,737101.560428241,737101.556956019,737101.553483796,737101.550011574,737101.546539352,737101.54306713,737101.539594907,737101.536122685,737101.532650463,737101.529178241,737101.525706019,737101.522233796,737101.518761574,737101.515289352,737101.51181713,737101.508344907,737101.505946869,737101.5035488311,737101.5011507932,737101.4987527552,737101.4963547173,737101.4939566794,737101.4915586414,737101.4891606035,737101.4867625656,737101.4843645276,737101.4819664897,737101.4795684518
737100.581203704,737100.577731482,737100.574259259,737100.570787037,737100.567314815,737100.563842593,737100.56037037,737100.556898148,737100.553425926,737100.549953704,737100.546481482,737100.543009259,737100.539537037,737100.536064815,737100.532592593,737100.52912037,737100.525648148,737100.522175926,737100.518703704,737100.515231482,737100.511759259,737100.508287037,737100.504814815,737100.501342593,737100.49787037,737100.494398148,737100.490925926,737100.487453704,737100.483981482,737100.480509259,737100.4781117722,737100.4757142854,737100.4733167986,737100.4709193117,737100.4685218249,737100.4661243381,737100.4637268513,737100.4613293645,737100.4589318776,737100.4565343908,737100.454136904,737100.4517394172
737098.570648148,737098.567175926,737098.563703704,737098.560231481,737098.556759259,737098.553287037,737098.549814815,737098.546342593,737098.54287037,737098.539398148,737098.535925926,737098.532453704,737098.528981481,737098.525509259,737098.522037037,737098.518564815,737098.515092593,737098.51162037,737098.508148148,737098.504675926,737098.501203704,737098.497731481,737098.494259259,737098.490787037,737098.487314815,737098.483842593,737098.48037037,737098.476898148,737098.473425926,737098.469953704,737098.4675562173,737098.4651587306,737098.4627612439,737098.4603637572,737098.4579662705,737098.4555687838,737098.4531712971,737098.4507738104,737098.4483763237,737098.445978837,737098.4435813503,737098.4411838636
737096.636516204,737096.633043982,737096.629571759,737096.626099537,737096.622627315,737096.619155093,737096.61568287,737096.612210648,737096.608738426,737096.605266204,737096.601793982,737096.598321759,737096.594849537,737096.591377315,737096.587905093,737096.58443287,737096.580960648,737096.577488426,737096.574016204,737096.570543982,737096.567071759,737096.563599537,737096.560104167,737096.556631944,737096.553159722,737096.5496875,737096.546215278,737096.542743056,737096.539270833,737096.535798611,737096.5334005731,737096.5310025351,737096.5286044972,737096.5262064593,737096.5238084213,737096.5214103834,737096.5190123455,737096.5166143075,737096.5142162696,737096.5118182317,737096.5094201937,737096.5070221558
737038.583310185,737038.579837963,737038.576365741,737038.572893518,737038.569421296,737038.565949074,737038.562476852,737038.55900463,737038.555532407,737038.552060185,737038.548587963,737038.545115741,737038.541643518,737038.538171296,737038.534699074,737038.531226852,737038.52775463,737038.524282407,737038.520810185,737038.517337963,737038.513865741,737038.510393518,737038.506921296,737038.503449074,737038.499976852,737038.49650463,737038.493032407,737038.489560185,737038.486087963,737038.482615741,737038.4802182543,737038.4778207676,737038.4754232808,737038.4730257941,737038.4706283074,737038.4682308207,737038.465833334,737038.4634358473,737038.4610383606,737038.4586408739,737038.4562433872,737038.4538459005
737035.562291667,737035.558819445,737035.555347222,737035.551875,737035.548402778,737035.544930556,737035.541458333,737035.537986111,737035.534513889,737035.531041667,737035.527569445,737035.524097222,737035.520625,737035.517152778,737035.513680556,737035.510208333,737035.506736111,737035.503263889,737035.499791667,737035.496319445,737035.492847222,737035.489375,737035.485902778,737035.482430556,737035.478958333,737035.475486111,737035.472013889,737035.468541667,737035.465069445,737035.461597222,737035.4591997352,737035.4568022484,737035.4544047615,737035.4520072747,737035.4496097879,737035.4472123011,737035.4448148143,737035.4424173274,737035.4400198406,737035.4376223538,737035.435224867,737035.4328273801
737034.544849537,737034.541377315,737034.537905093,737034.53443287,737034.530960648,737034.527488426,737034.524016204,737034.520543981,737034.517071759,737034.513599537,737034.510127315,737034.506655093,737034.50318287,737034.499710648,737034.496238426,737034.492766204,737034.489293981,737034.485821759,737034.482349537,737034.478877315,737034.475405093,737034.47193287,737034.468460648,737034.464988426,737034.461516204,737034.458043981,737034.454571759,737034.451099537,737034.447627315,737034.444155093,737034.4417576063,737034.4393601196,737034.4369626329,737034.4345651462,737034.4321676595,737034.4297701728,737034.4273726861,737034.4249751994,737034.4225777127,737034.420180226,737034.4177827393,737034.4153852526
737033.565636574,737033.562164352,737033.55869213,737033.555219907,737033.551747685,737033.548275463,737033.544803241,737033.541331019,737033.537858796,737033.534386574,737033.530914352,737033.52744213,737033.523969907,737033.520497685,737033.517025463,737033.513553241,737033.510081019,737033.506608796,737033.503136574,737033.499664352,737033.49619213,737033.492719907,737033.489247685,737033.485775463,737033.482303241,737033.478831019,737033.475358796,737033.471886574,737033.468414352,737033.46494213,737033.4625446433,737033.4601471566,737033.4577496699,737033.4553521832,737033.4529546965,737033.4505572098,737033.4481597231,737033.4457622364,737033.4433647497,737033.440967263,737033.4385697762,737033.4361722895
737032.593333333,737032.589861111,737032.586388889,737032.582916667,737032.579444444,737032.575972222,737032.5725,737032.569027778,737032.565555556,737032.562083333,737032.558611111,737032.555138889,737032.551666667,737032.548194444,737032.544722222,737032.54125,737032.537777778,737032.534305556,737032.530833333,737032.527361111,737032.523888889,737032.520416667,737032.516944444,737032.513472222,737032.51,737032.506527778,737032.503055556,737032.499583333,737032.496111111,737032.492638889,737032.4902414023,737032.4878439156,737032.4854464289,737032.4830489422,737032.4806514555,737032.4782539688,737032.475856482,737032.4734589953,737032.4710615086,737032.4686640219,737032.4662665352,737032.4638690485
737031.617199074,737031.613726852,737031.61025463,737031.606782407,737031.603310185,737031.599837963,737031.596365741,737031.592893519,737031.589421296,737031.585949074,737031.582476852,737031.57900463,737031.575532407,737031.572060185,737031.568587963,737031.565115741,737031.561643519,737031.558171296,737031.554699074,737031.551226852,737031.54775463,737031.544282407,737031.540810185,737031.537337963,737031.533865741,737031.530393519,737031.526921296,737031.523449074,737031.519976852,737031.51650463,737031.5141071433,737031.5117096566,737031.5093121699,737031.5069146832,737031.5045171964,737031.5021197097,737031.499722223,737031.4973247363,737031.4949272496,737031.4925297629,737031.4901322762,737031.4877347895
737028.582280093,737028.57880787,737028.575335648,737028.571863426,737028.568391204,737028.564918982,737028.561446759,737028.557974537,737028.554502315,737028.551030093,737028.54755787,737028.544085648,737028.540613426,737028.537141204,737028.533668982,737028.530196759,737028.526724537,737028.523252315,737028.519780093,737028.51630787,737028.512835648,737028.509363426,737028.505891204,737028.502418982,737028.498946759,737028.495474537,737028.492002315,737028.488530093,737028.48505787,737028.481585648,737028.4791881612,737028.4767906744,737028.4743931876,737028.4719957007,737028.4695982139,737028.4672007271,737028.4648032403,737028.4624057534,737028.4600082666,737028.4576107798,737028.455213293,737028.4528158061
737027.564861111,737027.561388889,737027.557916667,737027.554444444,737027.550972222,737027.5475,737027.544027778,737027.540555556,737027.537083333,737027.533611111,737027.530138889,737027.526666667,737027.523194444,737027.519722222,737027.51625,737027.512777778,737027.509305556,737027.505833333,737027.502361111,737027.498888889,737027.495416667,737027.491944444,737027.488472222,737027.485,737027.481527778,737027.478055556,737027.474583333,737027.471111111,737027.467638889,737027.464166667,737027.4617691803,737027.4593716935,737027.4569742068,737027.4545767201,737027.4521792334,737027.4497817467,737027.44738426,737027.4449867733,737027.4425892866,737027.4401917999,737027.4377943132,737027.4353968265
737020.590810185,737020.587337963,737020.583865741,737020.580393519,737020.576921296,737020.5734375,737020.569965278,737020.566493056,737020.563020833,737020.559548611,737020.556076389,737020.552604167,737020.549131944,737020.545659722,737020.5421875,737020.538715278,737020.535243056,737020.531770833,737020.528298611,737020.524826389,737020.521354167,737020.517881944,737020.514409722,737020.5109375,737020.507465278,737020.503993056,737020.500520833,737020.497048611,737020.493576389,737020.490104167,737020.4877064046,737020.4853086423,737020.4829108799,737020.4805131175,737020.4781153551,737020.4757175928,737020.4733198304,737020.470922068,737020.4685243056,737020.4661265432,737020.4637287809,737020.4613310185
737019.611585648,737019.608113426,737019.604641204,737019.601168982,737019.597696759,737019.594224537,737019.590752315,737019.587280093,737019.58380787,737019.580335648,737019.576863426,737019.573391204,737019.569918982,737019.566423611,737019.562951389,737019.559479167,737019.556006944,737019.552534722,737019.5490625,737019.545590278,737019.542118056,737019.538645833,737019.535173611,737019.531701389,737019.528229167,737019.524756944,737019.521284722,737019.5178125,737019.514340278,737019.510868056,737019.508470018,737019.5060719801,737019.5036739422,737019.5012759042,737019.4988778663,737019.4964798284,737019.4940817904,737019.4916837525,737019.4892857146,737019.4868876766,737019.4844896387,737019.4820916008
737018.628877315,737018.625405093,737018.62193287,737018.618460648,737018.614988426,737018.611516204,737018.608043981,737018.604571759,737018.601099537,737018.597627315,737018.594155093,737018.59068287,737018.587210648,737018.583738426,737018.580266204,737018.576793981,737018.573321759,737018.569849537,737018.566377315,737018.562893518,737018.559421296,737018.555949074,737018.552476852,737018.54900463,737018.545532407,737018.542060185,737018.538587963,737018.535115741,737018.531643518,737018.528171296,737018.524699074,737018.5222186397,737018.5197382055,737018.5172577712,737018.514777337,737018.5122969027,737018.5098164685,737018.5073360342,737018.5048556,737018.5023751657,737018.4998947314,737018.4974142972
737016.579155093,737016.57568287,737016.572210648,737016.568738426,737016.565266204,737016.561793981,737016.558321759,737016.554849537,737016.551354167,737016.547881944,737016.544409722,737016.5409375,737016.537465278,737016.533993056,737016.530520833,737016.527048611,737016.523576389,737016.520104167,737016.516631944,737016.513159722,737016.5096875,737016.506215278,737016.502743056,737016.499270833,737016.495798611,737016.492326389,737016.488854167,737016.485381944,737016.481909722,737016.4784375,737016.476039462,737016.4736414241,737016.4712433862,737016.4688453482,737016.4664473103,737016.4640492724,737016.4616512344,737016.4592531965,737016.4568551586,737016.4544571206,737016.4520590827,737016.4496610448
737014.572083333,737014.568611111,737014.565138889,737014.561666667,737014.558194444,737014.554722222,737014.55125,737014.547777778,737014.544305556,737014.540833333,737014.537361111,737014.533888889,737014.530416667,737014.526944444,737014.523472222,737014.52,737014.516527778,737014.513055556,737014.509583333,737014.506111111,737014.502638889,737014.499166667,737014.495694444,737014.492199074,737014.488726852,737014.48525463,737014.481782407,737014.478310185,737014.474837963,737014.471365741,737014.468967703,737014.4665696651,737014.4641716272,737014.4617735893,737014.4593755513,737014.4569775134,737014.4545794755,737014.4521814375,737014.4497833996,737014.4473853617,737014.4449873237,737014.4425892858
737007.582048611,737007.578576389,737007.575104167,737007.571631944,737007.568159722,737007.5646875,737007.561215278,737007.557743056,737007.554270833,737007.550798611,737007.547326389,737007.543854167,737007.540381944,737007.536909722,737007.5334375,737007.529965278,737007.526493056,737007.523020833,737007.519548611,737007.516076389,737007.512604167,737007.509131944,737007.505659722,737007.5021875,737007.498715278,737007.495243056,737007.491770833,737007.488298611,737007.484826389,737007.481354167,737007.4789566803,737007.4765591936,737007.4741617069,737007.4717642202,737007.4693667335,737007.4669692467,737007.46457176,737007.4621742733,737007.4597767866,737007.4573792999,737007.4549818132,737007.4525843265
737005.578449074,737005.574976852,737005.57150463,737005.568032407,737005.564560185,737005.561087963,737005.557615741,737005.554143519,737005.550671296,737005.547199074,737005.543726852,737005.54025463,737005.536782407,737005.533310185,737005.529837963,737005.526365741,737005.522893519,737005.519421296,737005.515949074,737005.512476852,737005.50900463,737005.505532407,737005.502060185,737005.498587963,737005.495115741,737005.491643519,737005.488171296,737005.484699074,737005.481226852,737005.47775463,737005.474282407,737005.4718022483,737005.4693220896,737005.4668419309,737005.4643617722,737005.4618816135,737005.4594014548,737005.4569212961,737005.4544411374,737005.4519609787,737005.44948082,737005.4470006613
737004.679085648,737004.675613426,737004.672141204,737004.668668982,737004.665196759,737004.661724537,737004.658252315,737004.654780093,737004.65130787,737004.647835648,737004.644363426,737004.640891204,737004.637418982,737004.633946759,737004.630474537,737004.627002315,737004.623530093,737004.62005787,737004.616585648,737004.613113426,737004.609641204,737004.606168982,737004.602696759,737004.599224537,737004.595752315,737004.592280093,737004.58880787,737004.585335648,737004.581863426,737004.578391204,737004.574918982,737004.5724388233,737004.5699586646,737004.5674785059,737004.5649983472,737004.5625181885,737004.5600380298,737004.5575578711,737004.5550777124,737004.5525975537,737004.550117395,737004.5476372363
737002.591446759,737002.587974537,737002.584502315,737002.581030093,737002.57755787,737002.574085648,737002.570613426,737002.567141204,737002.563668981,737002.560196759,737002.556724537,737002.553252315,737002.549780093,737002.54630787,737002.542835648,737002.539363426,737002.535891204,737002.532418981,737002.528946759,737002.525474537,737002.522002315,737002.518530093,737002.51505787,737002.511585648,737002.508113426,737002.504641204,737002.501168981,737002.497696759,737002.494224537,737002.490752315,737002.4883548283,737002.4859573416,737002.4835598549,737002.4811623682,737002.4787648815,737002.4763673948,737002.4739699081,737002.4715724214,737002.4691749347,737002.466777448,737002.4643799613,737002.4619824745
736998.651481482,736998.648009259,736998.644537037,736998.641064815,736998.637592593,736998.63412037,736998.630648148,736998.627175926,736998.623703704,736998.620231482,736998.616759259,736998.613287037,736998.609814815,736998.606342593,736998.60287037,736998.599398148,736998.595925926,736998.592453704,736998.588981482,736998.585509259,736998.582037037,736998.578564815,736998.575092593,736998.57162037,736998.568148148,736998.564675926,736998.561203704,736998.557731482,736998.554259259,736998.550787037,736998.5483895502,736998.5459920634,736998.5435945765,736998.5411970897,736998.5387996029,736998.5364021161,736998.5340046292,736998.5316071424,736998.5292096556,736998.5268121688,736998.524414682,736998.5220171951
